found_at,channel,post_date,title,budget,score,status,link,reason,message,reply_draft
2026-07-14T17:30:05+00:00,https://t.me/reelsmaker_tinder,2026-07-08T05:41:05+00:00,#вакансия #reels #контент #монтаж #freela #приоритет,$450,26,горячий,https://t.me/reelsmaker_tinder/1962,короткие видео + монтаж + вакансия,"#вакансия #reels #контент #монтаж #freela #приоритет

Lada Popova
✨ SHORTS YOUTUBE EDITOR ✨

🔗Ссылка на проект

🔍Обязанности:
Ищу видеомонтажёра в команду для YouTube-канала с челленджами (500+ тысяч подписчиков).

Мне нужен человек, который понимает, что делает видео вирусным, умеет монтировать быстро без потери качества, всегда соблюдает дедлайны и по-настоящему любит монтаж. Для меня очень важны ответственность, скорость и постоянное стремление становиться лучше. Объём минимум 30 роликов в месяц (если есть возможность сделать два в день, то есть 60 в месяц, будет отлично)

Со своей стороны я предлагаю стабильную оплату, большой объём работы и возможность расти вместе с каналом.

Если тебе это откликается — заполняй анкету. Буду рада познакомиться и, надеюсь, поработать вместе! 🚀

🎥 Требования:
Нужно владеть английским языком хотя бы на среднем уровне и уметь делать виральный монтаж, иметь опыт монтирования роликов от 1 млн просмотров

💵 Бюджет:
$450 за тридцать роликов в месяц с возможностью повышения оплаты на следующем месяце 

⚙️ Проект российский или зарубежный? Требуется ли знание языков, особенности в приеме оплаты.
Оплату могу переводить на русскоязычную карту или на PayPal. Проект зарубежный. Нужно владеть английским на среднем уровне

📞Контакты:
ТГ: @ladypop
ИНСТ","Здравствуйте! Готов взять монтаж Reels/Shorts/TikTok.

Делаю динамичный монтаж, субтитры, акценты, темп и упаковку под удержание. Особенно хорошо захожу в экспертные рилсы.

Портфолио: https://t.me/workinonlybusiness

Могу сделать платный тестовый ролик, чтобы вы сразу увидели уровень. Куда удобнее прислать ТЗ?"
2026-07-14T17:30:05+00:00,https://t.me/reelsmaker_tinder,2026-07-12T07:45:47+00:00,#вакансия #reels #контент #монтаж #freela #приоритет,$450,26,горячий,https://t.me/reelsmaker_tinder/1968,короткие видео + монтаж + вакансия,"#вакансия #reels #контент #монтаж #freela #приоритет

Lada Popova
✨ SHORTS YOUTUBE EDITOR ✨

🔗Ссылка на проект

🔍Обязанности:
Ищу видеомонтажёра в команду для YouTube-канала с челленджами (500+ тысяч подписчиков).

Мне нужен человек, который понимает, что делает видео вирусным, умеет монтировать быстро без потери качества, всегда соблюдает дедлайны и по-настоящему любит монтаж. Для меня очень важны ответственность, скорость и постоянное стремление становиться лучше. Объём минимум 30 роликов в месяц (если есть возможность сделать два в день, то есть 60 в месяц, будет отлично)

Со своей стороны я предлагаю стабильную оплату, большой объём работы и возможность расти вместе с каналом.

Если тебе это откликается — заполняй анкету. Буду рада познакомиться и, надеюсь, поработать вместе! 🚀

🎥 Требования:
Нужно владеть английским языком хотя бы на среднем уровне и уметь делать виральный монтаж, иметь опыт монтирования роликов от 1 млн просмотров

💵 Бюджет:
$450 за тридцать роликов в месяц с возможностью повышения оплаты на следующем месяце 

⚙️ Проект российский или зарубежный? Требуется ли знание языков, особенности в приеме оплаты.
Оплату могу переводить на русскоязычную карту или на PayPal. Проект зарубежный. Нужно владеть английским на среднем уровне

📞Контакты:
ТГ: https://docs.google.com/forms/d/e/1FAIpQLSfWfQd2bvwZ2jjKdxspt5rpBYKAwLr_eme1d29LihQILnv3wQ/viewform
ИНСТ","Здравствуйте! Готов взять монтаж Reels/Shorts/TikTok.

Делаю динамичный монтаж, субтитры, акценты, темп и упаковку под удержание. Особенно хорошо захожу в экспертные рилсы.

Портфолио: https://t.me/workinonlybusiness

Могу сделать платный тестовый ролик, чтобы вы сразу увидели уровень. Куда удобнее прислать ТЗ?"
2026-07-14T17:30:05+00:00,https://t.me/reelsmaker_tinder,2026-06-23T08:02:01+00:00,#вакансия #reels #контент #монтаж #freela,15000 ₽,22,горячий,https://t.me/reelsmaker_tinder/1952,короткие видео + монтаж + вакансия,"#вакансия #reels #контент #монтаж #freela 

Настасья 
Разыскивается талантливый рилсмейкер! Если у тебя качественный монтаж, и сценарии для рилс виральные писать умеешь — возможно мы ищем именно тебя! 

Обязанности:
важно! для каждого пункта есть инструкция, как это делать. чего не знаешь — обучу, но твоя обучаемость должна быть быстрой)

• Анализ ЦА и конкурентов на старте проекта (по готовой таблице с инструкцией)
• Прописание стратегии на старте проекта (по шаблону) + связь со мной
• Сценарии рилс
• Монтаж рилс
• Отправка материалов в готовое
•Анализ статистики для следующих рилс

Требования:
На связи команда Short Content

• качественный уровень монтажа (CapCut) 
• понимание того, как сделать сценарий виральным
• ответственность и самоуправляемость (доход напрямую зависит от твоей проактивности) 
• грамотность и внимательность
• ты соблюдаешь дедлайны 
• ты бы хотела поработать в команде 
созваниваться для того, чтобы просто «поболтать», проходить вместе обучения, делиться идеями роста агентства и почувствовать себя причастной! 
• у тебя глаза горят от возможности стать вкладом в проекты заказчиков и принести им сильные результаты 
• ты девушка и у тебя IPhone

Бюджет: 
зп: 15.000р за 1 проект (20шт рилс) комфортно вести 3-5 проектов удалённая работа и свободный график (нам главное, чтобы успевала в дедлайны)

Доп.информация:
Почему мы?
• мы добрая, искренняя и поддерживающая команда (без 🐍, если ты понимаешь, о чём я ахаха) 
• доступ к базе знаний и обучениям команды 
• созвоны на ""поболтать"", чтобы на фрилансе не ощущать себя одиноко
• ставлю только выполнимые задачи, адекватный и человечный руководитель
• готова оплачивать обучения, обсуждать повышения и растить тебя как специалиста 

Моя цель — создать тёплую и крепкую команду крутых спецов, объединённых любовью к видео-контенту (и стратегиям)), которые делают свою работу качественно и приносят клиентам классные результаты!
Если ты видишь себя в ней — мы будем тебе рады!

Чтобы откликнуться, пиши сразу с примерами монтажа и сценариев мне @sunny_nastasya

Проект российский или зарубежный? Требуется ли знание языков, особенности в приеме оплаты.
Проекты есть как и РФ, так и зарубеж

Контакты:
ТГ: @sunny_nastasya
ИНСТ","Здравствуйте! Готов взять монтаж Reels/Shorts/TikTok.

Делаю динамичный монтаж, субтитры, акценты, темп и упаковку под удержание. Особенно хорошо захожу в экспертные рилсы.

Портфолио: https://t.me/workinonlybusiness

Могу сделать платный тестовый ролик, чтобы вы сразу увидели уровень. Куда удобнее прислать ТЗ?"
2026-07-14T17:30:05+00:00,https://t.me/reelsmaker_tinder,2026-07-10T14:32:07+00:00,#вакансия #reels #контент #монтаж #freela #приоритет,,21,горячий,https://t.me/reelsmaker_tinder/1967,короткие видео + монтаж + вакансия,"#вакансия #reels #контент #монтаж #freela #приоритет

Анна Тарасова
✨ Контент-менеджер / Рилс-мейкер (парт-тайм, HR ниша)✨

🔗Ссылка на проект

🔍Обязанности:
📝 Оформление постов и создание визуалов для соцсетей
✂️ Монтаж вертикальных видео (Reels, Shorts, Stories)
📈 Привлекать новую аудиторию и работать с обратной связью
📊 Анализ трендов и адаптация идей под текущую аудиторию

🎥 Требования:
🔹 Владение Figma (обязательно).
🔹 Высокая насмотренность и чувство вкуса.
🔹 Понимание алгоритмов соцсетей и причин виральности контента.
🔹 Самоорганизация и оперативная обратная связь в рабочее время.
🔹 Желание постоянно развиваться и внедрять новое

💵 Бюджет:
Блог с 0, поэтому бюджет будет согласовываться с кандидатами

⚙️ Проект российский или зарубежный? Требуется ли знание языков, особенности в приеме оплаты.
Российский проект, знание иностранных языков не обязательно

📞Контакты:
+79168312121
ТГ: @IT_kadrovichka
ИНСТ","Здравствуйте! Готов взять монтаж Reels/Shorts/TikTok.

Делаю динамичный монтаж, субтитры, акценты, темп и упаковку под удержание. Особенно хорошо захожу в экспертные рилсы.

Портфолио: https://t.me/workinonlybusiness

Могу сделать платный тестовый ролик, чтобы вы сразу увидели уровень. Куда удобнее прислать ТЗ?"
2026-07-14T17:30:05+00:00,https://t.me/udafrii,2026-07-13T18:00:05+00:00,"​🔥 монтажер в команду (удаленно, оплата сразу)",1000 ₽,19,горячий,https://t.me/udafrii/14905,короткие видео + монтаж + вакансия,"​🔥 монтажер в команду (удаленно, оплата сразу)

привет! я собираю команду на потоке. ищу 2 человек, кто умеет быстро делать reels/tiktok и не боится правок.

❌ не нужны:
— кто учится монтажу на моих заказах.
— кто пропадает на сутки без ответа.

✅ жду:
— опыт работы в capcut/vn (покажи 2 работы).
— скорость: монтаж 15-секундного ролика за 1,5 часа.
— ответственность: сдал дедлайн — получил деньги.

📌 условия:
— оплата: 500 - 1000руб за 1 готовый ролик (смотря на уровень монтажа).
— объем: 14-21 роликов в неделю (стабильно).
— бонус: +1000 руб, если ролик наберет > 50 000 просмотров.
— выплаты: сразу после выполнения задачи на карту.

🚫 тестовое задание (обязательно):
сделай нарезку любого стрима/видео (15 сек) с субтитрами под трендовую музыку. скинь результат в личку. время на выполнение — 3 часа.

отклик: @shrammm0 с пометкой «готов» и 2 работами.","Здравствуйте! Готов взять монтаж Reels/Shorts/TikTok.

Делаю динамичный монтаж, субтитры, акценты, темп и упаковку под удержание. Особенно хорошо захожу в экспертные рилсы.

Портфолио: https://t.me/workinonlybusiness

Могу сделать платный тестовый ролик, чтобы вы сразу увидели уровень. Куда удобнее прислать ТЗ?"
2026-07-14T17:30:05+00:00,https://t.me/freelancce,2026-07-13T08:00:01+00:00,​#ищу #рилсмейкер #reelsmaker,500 ₽,18,горячий,https://t.me/freelancce/15370,короткие видео + монтаж + вакансия,"​#ищу #рилсмейкер #reelsmaker

🎬 вакансия: reelsmaker (рилсмейкер) 

в команду эксперта (тематика — бизнес, финансы) ищем талантливого рилсмейкера на постоянное сотрудничество! 

ваша задача:
создавать динамичные, вовлекающие reels, которые удерживают внимание. 

мы предоставляем:
✔ готовые темы (план)
✔ фото и видеоматериал

условия:
✔ оплата: 500 ₽ за 1 готовый reels.
✔ объем: 30 видео в месяц (на старте чуть меньше — притираемся).

кто нам нужен:
✔ ты умеешь делать «сочный» монтаж, знаешь тренды переходов и субтитров.
✔ у тебя есть чувство ритма и насмотренность в бизнес-тематике.
✔ ты дисциплинирован и соблюдаешь дедлайны.

как откликнуться:
присылай в личку свой лучший экспертный рилс и краткий рассказ о своем опыте 👉 @webstudio_alexanders","Здравствуйте! Готов взять монтаж Reels/Shorts/TikTok.

Делаю динамичный монтаж, субтитры, акценты, темп и упаковку под удержание. Особенно хорошо захожу в экспертные рилсы.

Портфолио: https://t.me/workinonlybusiness

Могу сделать платный тестовый ролик, чтобы вы сразу увидели уровень. Куда удобнее прислать ТЗ?"
2026-07-14T17:30:05+00:00,https://t.me/reelsmaker_tinder,2026-06-23T07:25:23+00:00,#вакансия #reels #контент #монтаж #freela,,17,горячий,https://t.me/reelsmaker_tinder/1951,короткие видео + монтаж + вакансия,"#вакансия #reels #контент #монтаж #freela 

Елизавета Терех
Ищем монтажера для коротких рекламных роликов

Обязанности:
Нужен аккуратный и пунктуальный монтажер для работы с видео до 30 секунд.

Задачи:
монтаж роликов из наших материалов
работа с ИИ-озвучкой
добавление субтитров
подготовка вертикальной версии
ресайзы в горизонтальный и квадратный формат

По стилю важен чистый, внимательный монтаж без перегруза. Референсы, материалы и ТЗ предоставляем.

Формат сотрудничества - оплата за каждое видео.

Перед началом работы нужно будет выполнить тестовое задание.

Для отклика пришлите, пожалуйста, примеры коротких вертикальных роликов, стоимость монтажа одного видео до 30 секунд и сроки выполнения.

Бюджет: 
300-500 за ролик

Проект российский или зарубежный? Требуется ли знание языков, особенности в приеме оплаты.
зарубежный, базовое знание английского языка, оплата в крипте

Контакты:
89062452609
ТГ: @Elizaveta_VisionClub","Здравствуйте! Готов взять монтаж Reels/Shorts/TikTok.

Делаю динамичный монтаж, субтитры, акценты, темп и упаковку под удержание. Особенно хорошо захожу в экспертные рилсы.

Портфолио: https://t.me/workinonlybusiness

Могу сделать платный тестовый ролик, чтобы вы сразу увидели уровень. Куда удобнее прислать ТЗ?"
2026-07-14T17:30:05+00:00,https://t.me/udafrii,2026-07-13T08:00:02+00:00,​#монтажер #монтажёр #рилс #монтаж,500 ₽,17,горячий,https://t.me/udafrii/14898,короткие видео + монтаж + вакансия,"​#монтажер #монтажёр #рилс #монтаж 

ищу монтажера короткого контента, нужно просто монтировать рилсы

я контент-мейкер, у меня есть несколько проектов, куда нужен монтажер

стиль монтажа — максимально простой и лаконичный, важно, именно лаконичный, а не ""склепать видео за 5 минут""

по цене сразу скажу — около 500р за ролик

объем 15-30 роликов в одном проекте. если мы с тобой сработаемся, увеличиваю объем и беру в другие проекты

что мне важно: 

• чтобы ты понимал тренды (в основном музыка)

• умел монтировать (как ни странно), любая программа, кап-кат подойдет

• твоя скорость и пунктуальность (отправить видосы вовремя)

при отклике пиши сразу же

1 - твоё портфолио ссылкой на канал или видосами в личку (3-5 шт)

2 - о себе кратко, как звать, какой опыт, в какой проге реализуешь монтаж

без этого 👆 я простсо проигнорю и удалю чат, так же рилс мейкеры, которые попытаются мне продать свои ""классные"" услуги тоже игнорируются и удаляются 

но если ты умеешь ещё что-то кроме монтажа, можешь смело об этом писать

к примеру, работа ии в создании видео будет плюсом, можем обсуждать другие возможности сотрудничества

➖➖➖➖➖➖➖➖➖➖

Контакты: @Tozeboze","Здравствуйте! Готов взять монтаж Reels/Shorts/TikTok.

Делаю динамичный монтаж, субтитры, акценты, темп и упаковку под удержание. Особенно хорошо захожу в экспертные рилсы.

Портфолио: https://t.me/workinonlybusiness

Могу сделать платный тестовый ролик, чтобы вы сразу увидели уровень. Куда удобнее прислать ТЗ?"
2026-07-14T17:30:05+00:00,https://t.me/Panteon_WORK,2026-07-07T15:24:02+00:00,​​Предложение о сотрудничестве,$5; $25; $50; $125; $250; $500,16,горячий,https://t.me/Panteon_WORK/3577,короткие видео + монтаж + вакансия,"​​Предложение о сотрудничестве

Ищем монтажёров коротких видео (TikTok / Reels / Shorts) для работы с контентом Лорда Трепутина.

Что нужно делать:

Создавать нарезки из готового контента.
Публиковать ролики в TikTok, Instagram Reels и YouTube Shorts.
Набирать просмотры и получать вознаграждение за результат.

Условия оплаты (акция с удвоенными выплатами):

10 000+ просмотров — $5
50 000+ просмотров — $25
100 000+ просмотров — $50
250 000+ просмотров — $125
500 000+ просмотров — $250
1 000 000+ просмотров — $500

Чем больше просмотров набирает ваш контент, тем выше заработок. Один успешный ролик может принести значительный доход.

Мы предоставляем:

Исходные материалы для монтажа.
Подробные инструкции по работе.
Систему выплат за результат.

Подробности и подача заявки:
https://t.me/+QuaDWE9fuiQ1MmNi

Если у вас есть опыт монтажа или желание развиваться в создании вирусного контента — будем рады сотрудничеству.","Здравствуйте! Готов взять монтаж Reels/Shorts/TikTok.

Делаю динамичный монтаж, субтитры, акценты, темп и упаковку под удержание. Особенно хорошо захожу в экспертные рилсы.

Портфолио: https://t.me/workinonlybusiness

Могу сделать платный тестовый ролик, чтобы вы сразу увидели уровень. Куда удобнее прислать ТЗ?"
2026-07-14T17:30:05+00:00,https://t.me/reelsmaker_tinder,,#вакансия #reels #контент #монтаж,,15,горячий,https://t.me/reelsmaker_tinder/1955,короткие видео + монтаж + вакансия,"#вакансия #reels #контент #монтаж

Анастасия Носкина

🔥Ищем монтажёра для коротких вертикальных роликов (дневник-сериалы, англоязычный блог)

📎Обязанности:
Нужен аккуратный и пунктуальный монтажёр для работы с вертикальными роликами 40–90 секунд в динамичном, выверенном стиле.

📎Задачи:
— монтаж роликов из наших материалов (видео + покадровое ТЗ)
— динамичный монтаж: частая смена планов, появляющиеся элементы, перебивки, акценты
— субтитры с выделением ключевых фраз (заданные шрифты и цвета), меняющиеся по ходу
— простые анимированные наложения по референсу (появление элементов + звук по таймкодам)
— работа со звуковыми акцентами (дзинь, whoosh, щелчки — по ТЗ)

По стилю важен динамичный, насыщенный, но чистый и выверенный монтаж: много элементов и движения, но каждый по ТЗ, без визуального шума. Референсы, исходники, шрифты и подробное ТЗ предоставляем.

Формат сотрудничества — оплата за каждое видео. Объём —15-30 роликов в месяц, сериями.

📎Проект: англоязычный блог, базовое знание английского облегчит работу — просто чтобы понимать куда какие субтитры, ТЗ максимально подробное.

📌Контакты:
ТГ: @noskina_anastasia
👇🏻👇🏻👇🏻
Для отклика пришлите, пожалуйста:
— примеры коротких вертикальных роликов
— стоимость монтажа одного ролика (40–90 сек)
— сроки выполнения одного ролика

Перед началом — тестовое задание.","Здравствуйте! Готов взять монтаж Reels/Shorts/TikTok.

Делаю динамичный монтаж, субтитры, акценты, темп и упаковку под удержание. Особенно хорошо захожу в экспертные рилсы.

Портфолио: https://t.me/workinonlybusiness

Могу сделать платный тестовый ролик, чтобы вы сразу увидели уровень. Куда удобнее прислать ТЗ?"
2026-07-14T17:30:05+00:00,https://t.me/prodjob,2026-06-06T10:08:22+00:00,ИЩУ МОНТАЖЕРА В IT ПРОЕКТ 😯,,15,горячий,https://t.me/prodjob/1270,короткие видео + монтаж + вакансия,"ИЩУ МОНТАЖЕРА В IT ПРОЕКТ 😯

Стабильный проект: контент про IT / разработку Golang на русскоязычную аудиторию.

Что нужно делать:
✔ Монтаж коротких вертикальных видео (Reels / YouTube Shorts)
✔ Небольшие презентации с мемами, графикой, схемами
✔ Динамичный стиль

Огромным плюсом будет, если ты шаришь за IT или уже работал с такой тематикой 🔥

Всё остальное — в форме, там же референсы на наш стиль.

Заполняй, свяжусь с тобой лично:
https://forms.gle/hwSCHhnTLHdsCpTv8","Здравствуйте! Готов взять монтаж Reels/Shorts/TikTok.

Делаю динамичный монтаж, субтитры, акценты, темп и упаковку под удержание. Особенно хорошо захожу в экспертные рилсы.

Портфолио: https://t.me/workinonlybusiness

Могу сделать платный тестовый ролик, чтобы вы сразу увидели уровень. Куда удобнее прислать ТЗ?"
2026-07-14T17:30:05+00:00,https://t.me/prodjob,2026-06-29T08:42:46+00:00,Ищем TikTok-креатора / монтажёра коротких видео,,15,горячий,https://t.me/prodjob/1280,короткие видео + монтаж + вакансия,"Ищем TikTok-креатора / монтажёра коротких видео

Нужен человек, который хорошо понимает формат TikTok, следит за трендами и умеет собирать динамичные короткие ролики.

Что нужно делать:
— монтировать короткие вертикальные видео;
— работать по нашим идеям и референсам;
— добавлять текст, субтитры, музыку и простые эффекты;
— иногда самостоятельно предлагать идеи и трендовые форматы.

Сложный профессиональный монтаж не требуется. Важнее понимание мемов и умение заинтересовать зрителя с первых секунд.

Формат работы:
— удалённо;
— регулярные задачи;
— объём обсуждаем индивидуально;
— тестовый ролик оплачивается;
— после тестового задания возможна постоянная работа.

Что прислать в отклике:
— 1-2 примера своих роликов (если есть);
— в каких программах монтируете;
— сколько роликов в неделю готовы делать;
— какую рассматриваете стоимость одного ролика.

Рассматриваем кандидатов разных возрастов.

Контакты для связи:
Telegram: @kallerika","Здравствуйте! Готов взять монтаж Reels/Shorts/TikTok.

Делаю динамичный монтаж, субтитры, акценты, темп и упаковку под удержание. Особенно хорошо захожу в экспертные рилсы.

Портфолио: https://t.me/workinonlybusiness

Могу сделать платный тестовый ролик, чтобы вы сразу увидели уровень. Куда удобнее прислать ТЗ?"
2026-07-14T17:30:05+00:00,https://t.me/Panteon_WORK,2026-07-07T12:42:49+00:00,#Вакансия #ᴘᴀɴᴛᴇᴏɴ,,13,горячий,https://t.me/Panteon_WORK/3575,короткие видео + монтаж + вакансия,"#Вакансия #ᴘᴀɴᴛᴇᴏɴ 
Ищем монтажера на постоянной основе.

Объем работы: длинные ролики, 8-10 шт в месяц + Шортс 20-30 шт в месяц.

Важно: 

1. Вы знаете свое дело: есть опыт и вы умеете работать в современных программах, не на телефоне.

2. Вы способны чётко выдерживать сроки, независимо от обстоятельств. 

3. Это ваш основной вид деятельности.

Подробности и вопросы пожалуйста в личку: @andreyzaderin","Здравствуйте! Готов взять монтаж Reels/Shorts/TikTok.

Делаю динамичный монтаж, субтитры, акценты, темп и упаковку под удержание. Особенно хорошо захожу в экспертные рилсы.

Портфолио: https://t.me/workinonlybusiness

Могу сделать платный тестовый ролик, чтобы вы сразу увидели уровень. Куда удобнее прислать ТЗ?"
2026-07-14T17:30:05+00:00,https://t.me/Panteon_WORK,2026-07-12T19:43:28+00:00,#Вакансия #ᴘᴀɴᴛᴇᴏɴ,,13,горячий,https://t.me/Panteon_WORK/3601,короткие видео + монтаж + вакансия,"#Вакансия #ᴘᴀɴᴛᴇᴏɴ 
Ищу монтажера

Подробнее:
Ищу монтажера для динамичных рилсов с субтитрами, вставками, резко меняющимися картинками и с сопровождающими звуками. (Пример могу отправить в личные сообщения) 

Работы могут быть как разовыми, так и на долгосрочное сотрудничество.
 
Для заявки на вакансию: 
1. Отправьте 2 видео из вашего портфолио.
2. Стоимость вашей работы 
3. Был ли у вас ранее такой опыт работ? (Начинающих специалистов тоже рассматриваю)

Откликнуться: @profeedkat","Здравствуйте! Готов взять монтаж Reels/Shorts/TikTok.

Делаю динамичный монтаж, субтитры, акценты, темп и упаковку под удержание. Особенно хорошо захожу в экспертные рилсы.

Портфолио: https://t.me/workinonlybusiness

Могу сделать платный тестовый ролик, чтобы вы сразу увидели уровень. Куда удобнее прислать ТЗ?"
2026-07-14T17:30:05+00:00,https://t.me/editors_video,2026-07-02T17:24:22+00:00,Ищу монтажера REELS / TIKTOK,,12,горячий,https://t.me/editors_video/871,короткие видео + монтаж + вакансия,"Ищу монтажера REELS / TIKTOK

Мы - бренд одежды ЕГОР ЖДАНОВИЧ (один из самых быстрорастущих в СНГ)
Наш основной источник роста - TIKTOK и INSTAGRAM, поэтому сейчас ищем человека, который сможет взять на себя монтаж вертикальных видео с VOICE-OVER озвучкой (я скидываю аудиорожку, диск с видеоматериалами - с тебя монтаж вовлекающего видео).

Предлагаем одни из лучших условий на рынке по монтажу. 

✏️ Почитать инфу и заполнить анкету можно по ссылке","Здравствуйте! Готов взять монтаж Reels/Shorts/TikTok.

Делаю динамичный монтаж, субтитры, акценты, темп и упаковку под удержание. Особенно хорошо захожу в экспертные рилсы.

Портфолио: https://t.me/workinonlybusiness

Могу сделать платный тестовый ролик, чтобы вы сразу увидели уровень. Куда удобнее прислать ТЗ?"
2026-07-14T17:30:05+00:00,https://t.me/editors_video,2026-07-07T12:42:48+00:00,Ищем монтажера на постоянной основе.,,12,горячий,https://t.me/editors_video/876,короткие видео + монтаж + вакансия,"Ищем монтажера на постоянной основе.

Объем работы: длинные ролики, 8-10 шт в месяц + Шортс 20-30 шт в месяц.

Важно: 

1. Вы знаете свое дело: есть опыт и вы умеете работать в современных программах, не на телефоне.

2. Вы способны чётко выдерживать сроки, независимо от обстоятельств. 

3. Это ваш основной вид деятельности.

✅ Поиск остановлен","Здравствуйте! Готов взять монтаж Reels/Shorts/TikTok.

Делаю динамичный монтаж, субтитры, акценты, темп и упаковку под удержание. Особенно хорошо захожу в экспертные рилсы.

Портфолио: https://t.me/workinonlybusiness

Могу сделать платный тестовый ролик, чтобы вы сразу увидели уровень. Куда удобнее прислать ТЗ?"
2026-07-14T17:30:05+00:00,https://t.me/editors_video,2026-07-07T21:48:59+00:00,"Ищу монтажера минутных роликов в TikTok на постоянку. Ниша: мужская эстетика, луксмакси...",,12,горячий,https://t.me/editors_video/877,короткие видео + монтаж + вакансия,"Ищу монтажера минутных роликов в TikTok на постоянку. Ниша: мужская эстетика, луксмаксинг. Нужен динамичный, атмосферный монтаж с качественным визуалом. 

Референсы стиля: https://vm.tiktok.com/ZGd94qeUD/

https://vm.tiktok.com/ZGd94vK7H/

Готов к оплачиваемому тесту, если результат удовлетворительный.

Поиск остановлен","Здравствуйте! Готов взять монтаж Reels/Shorts/TikTok.

Делаю динамичный монтаж, субтитры, акценты, темп и упаковку под удержание. Особенно хорошо захожу в экспертные рилсы.

Портфолио: https://t.me/workinonlybusiness

Могу сделать платный тестовый ролик, чтобы вы сразу увидели уровень. Куда удобнее прислать ТЗ?"
2026-07-14T17:30:05+00:00,https://t.me/Panteon_WORK,2026-07-13T12:26:23+00:00,#Вакансия #ᴘᴀɴᴛᴇᴏɴ,2000 ₽,10,норм,https://t.me/Panteon_WORK/3605,короткие видео + монтаж + вакансия,"#Вакансия #ᴘᴀɴᴛᴇᴏɴ 
Ищу рилсмейкера 

Что нужно делать? 

Монтаж рилсов чаще всего по ТЗ, также генерация идей на основе видео

Какие условия и требования?  
-Оплата 1 рилс - 500-2000₽ в зависимости от сложности
-Возможно нужно будет выполнить тестовое задание (монтаж 1 рилс, в случае прохождения, тестовое задание оплачиваемое)

Писать @llisptr","Здравствуйте! Готов взять монтаж Reels/Shorts/TikTok.

Делаю динамичный монтаж, субтитры, акценты, темп и упаковку под удержание. Особенно хорошо захожу в экспертные рилсы.

Портфолио: https://t.me/workinonlybusiness

Могу сделать платный тестовый ролик, чтобы вы сразу увидели уровень. Куда удобнее прислать ТЗ?"
2026-07-14T17:30:05+00:00,https://t.me/Panteon_WORK,2026-07-12T19:33:06+00:00,#Вакансия #ᴘᴀɴᴛᴇᴏɴ,,9,норм,https://t.me/Panteon_WORK/3600,короткие видео + монтаж + вакансия,"#Вакансия #ᴘᴀɴᴛᴇᴏɴ 
Ищу монтажера
нужны рилсы бекстедж по количеству 5 шт
по хрону 20-25 с
Пишите в лс с примерами работ, прикрепите топ 3-5 лучших рилс и ставку

Автор: @doveria_al","Здравствуйте! Готов взять монтаж Reels/Shorts/TikTok.

Делаю динамичный монтаж, субтитры, акценты, темп и упаковку под удержание. Особенно хорошо захожу в экспертные рилсы.

Портфолио: https://t.me/workinonlybusiness

Могу сделать платный тестовый ролик, чтобы вы сразу увидели уровень. Куда удобнее прислать ТЗ?"
2026-07-14T17:30:05+00:00,https://t.me/editors_video,2026-07-02T13:39:09+00:00,Здравствуйте!,,9,норм,https://t.me/editors_video/870,короткие видео + монтаж + вакансия,"Здравствуйте!
Московский бренд обуви HOVERS ищет видеографа на долгосрочное сотрудничество для съемок рилс: процесс производства, обзорные видео, интервью. Требуется операторская работа + монтаж (склейка, звук, субтитры). Стиль видео минималистичный, спокойный, уверенный
https://www.instagram.com/hovers.msk?igsh=MWh2ZWtpa25mYXF3aA==

При отклике присылайте свое портфолио (желательно по заданному стилю/нашей нише) и прайс в час (включающий последующий монтаж)

Связь: @anngel_mould","Здравствуйте! Готов взять монтаж Reels/Shorts/TikTok.

Делаю динамичный монтаж, субтитры, акценты, темп и упаковку под удержание. Особенно хорошо захожу в экспертные рилсы.

Портфолио: https://t.me/workinonlybusiness

Могу сделать платный тестовый ролик, чтобы вы сразу увидели уровень. Куда удобнее прислать ТЗ?"
2026-07-14T17:30:05+00:00,https://t.me/editors_video,2026-07-12T11:54:27+00:00,"Нужен монтажник, сделать 5-10 видео в тик ток (вертикальных), исходники, материалы все...",,6,слабый,https://t.me/editors_video/881,короткие видео + монтаж + вакансия,"Нужен монтажник, сделать 5-10 видео в тик ток (вертикальных), исходники, материалы все выдаю, напишите мне время (сколько занимает на одну работу) и каким приложением пользуетесь, главное, чтобы видео было индивидуальным (не украденным), хорошего качества

✅ Поиск остановлен","Здравствуйте! Готов взять монтаж Reels/Shorts/TikTok.

Делаю динамичный монтаж, субтитры, акценты, темп и упаковку под удержание. Особенно хорошо захожу в экспертные рилсы.

Портфолио: https://t.me/workinonlybusiness

Могу сделать платный тестовый ролик, чтобы вы сразу увидели уровень. Куда удобнее прислать ТЗ?"
2026-07-15T07:07:31+00:00,https://t.me/Panteon_WORK,2026-07-15T02:51:34+00:00,​Ищу рилсмейкера,2000 ₽,9,норм,https://t.me/Panteon_WORK/3610,короткие видео + монтаж + вакансия,"​Ищу рилсмейкера 

Что нужно делать? 

Монтаж рилсов чаще всего по ТЗ, также генерация идей на основе видео

Какие условия и требования?  
-Оплата 1 рилс - 500-2000₽ в зависимости от сложности
-Возможно нужно будет выполнить тестовое задание (монтаж 1 рилс, в случае прохождения, тестовое задание оплачиваемое)

Писать @llisptr","Здравствуйте! Готов взять монтаж Reels/Shorts/TikTok.

Делаю динамичный монтаж, субтитры, акценты, темп и упаковку под удержание. Особенно хорошо захожу в экспертные рилсы.

Портфолио: https://t.me/workinonlybusiness

Могу сделать платный тестовый ролик, чтобы вы сразу увидели уровень. Куда удобнее прислать ТЗ?"
2026-07-15T15:16:44+00:00,https://t.me/editors_video,2026-07-15T10:14:02+00:00,Muveinno ищет монтажёра в команду 🚀,20000 ₽,18,горячий,https://t.me/editors_video/885,короткие видео + монтаж + вакансия,"Muveinno ищет монтажёра в команду 🚀
Мы — единственные в России, кто делает умные дисплеи, меняющие представление о домашних экранах. Растём и ищем такого же заряженного человека к себе в команду.

Что делать:
Монтировать Reels/Shorts/TikTok (2-3 ролика в день), нарезать длинные обзоры на короткие смысловые куски, генерить идеи для виральных форматов — распаковки, лайфхаки, сравнения, челленджи. Работать со звуком, субтитрами, цветокором и анимацией текста, быстро реагировать на тренды.

Кого ищем:
Того, кто шарит в трендах и клиповом монтаже, укладывается в жёсткие дедлайны, сам генерит идеи вместо ожидания ТЗ — и готов расти вместе с брендом.

Что предлагаем:
— Фикс 15 000–20 000 ₽ на руки + ежемесячный бонус
— Премия за каждый виральный ролик (охват 500K+ или 1000+ сохранений) — без потолка
— Гибкий график: удалёнка или гибрид
— Продукт, который реально круто показывать
— Быстрый рост до ведущего видеопродюсера

✅ Поиск остановлен","Здравствуйте! Готов взять монтаж Reels/Shorts/TikTok.

Делаю динамичный монтаж, субтитры, акценты, темп и упаковку под удержание. Особенно хорошо захожу в экспертные рилсы.

Портфолио: https://t.me/workinonlybusiness

Могу сделать платный тестовый ролик, чтобы вы сразу увидели уровень. Куда удобнее прислать ТЗ?"
2026-07-15T15:16:44+00:00,https://t.me/Panteon_WORK,2026-07-15T11:49:32+00:00,#Вакансия #ᴘᴀɴᴛᴇᴏɴ,,9,норм,https://t.me/Panteon_WORK/3614,короткие видео + монтаж + вакансия,"#Вакансия #ᴘᴀɴᴛᴇᴏɴ 
Ищу монтажёра РИЛСОВ 🎬
Ищу профессионального монтажёра для регулярного монтажа рилсов. Референсы ниже:

https://www.instagram.com/reel/DYnRBNdt1-t/?igsh=MXd0ODh2amU2djU4OA== 

https://www.instagram.com/reel/Daaskwfo9TA/?igsh=MXZvdGRzN3djcGl1eA==

https://www.instagram.com/reel/DXKDOYrigT9/?igsh=a3NmeGlkZDlpZWlp 
https://www.instagram.com/reel/DXwy5NLxC6L/igsh=MXZhZG53aGw3OXQ1Mg== 
https://www.instagram.com/reel/DYXQNQDpJCQ/?igsh=bHc0am0zem9zeWN5

Присылайте в личку: 
- Портфолио
- Стоимость вашей работы

@n1telite","Здравствуйте! Готов взять монтаж Reels/Shorts/TikTok.

Делаю динамичный монтаж, субтитры, акценты, темп и упаковку под удержание. Особенно хорошо захожу в экспертные рилсы.

Портфолио: https://t.me/workinonlybusiness

Могу сделать платный тестовый ролик, чтобы вы сразу увидели уровень. Куда удобнее прислать ТЗ?"
2026-07-15T15:16:44+00:00,https://t.me/editors_video,2026-07-15T11:49:31+00:00,Ищу монтажёра РИЛСОВ 🎬,,8,норм,https://t.me/editors_video/886,короткие видео + монтаж + вакансия,"Ищу монтажёра РИЛСОВ 🎬
Ищу профессионального монтажёра для регулярного монтажа рилсов. Референсы ниже:

https://www.instagram.com/reel/DYnRBNdt1-t/?igsh=MXd0ODh2amU2djU4OA== 
https://www.instagram.com/reel/Daaskwfo9TA/?igsh=MXZvdGRzN3djcGl1eA==
https://www.instagram.com/reel/DXKDOYrigT9/?igsh=a3NmeGlkZDlpZWlp 
https://www.instagram.com/reel/DXwy5NLxC6L/igsh=MXZhZG53aGw3OXQ1Mg== 
https://www.instagram.com/reel/DYXQNQDpJCQ/?igsh=bHc0am0zem9zeWN5

Присылайте в личку: 
- Портфолио
- Стоимость вашей работы

@n1telite","Здравствуйте! Готов взять монтаж Reels/Shorts/TikTok.

Делаю динамичный монтаж, субтитры, акценты, темп и упаковку под удержание. Особенно хорошо захожу в экспертные рилсы.

Портфолио: https://t.me/workinonlybusiness

Могу сделать платный тестовый ролик, чтобы вы сразу увидели уровень. Куда удобнее прислать ТЗ?"
2026-07-16T08:04:18+00:00,https://t.me/freelancce,2026-07-15T17:00:02+00:00,​#ищу #монтажер @reels,35000 ₽,25,горячий,https://t.me/freelancce/15397,короткие видео + монтаж + вакансия,"​#ищу #монтажер @reels

🎬 ищем монтажера в бьюти-проект

ищем человека, который будет монтировать короткие видео (reels/shorts/tiktok) для бьюти-сферы.

что нужно делать:
• монтаж ~30 роликов в месяц;
• нарезка, динамика, субтитры, оформление;
• помогать упаковывать контент под соцсети.

условия:
💰 30 000-35 000 ₽ фикс в месяц
📌 объем — 30 роликов/месяц
🌍 удаленная работа

важно:
— понимаешь специфику коротких видео;
— умеешь делать динамичный монтаж, который удерживает внимание;
— есть опыт работы с reels/shorts.

если интересно — сразу отправляй:

1. портфолио с примерами монтажа;
2. стоимость работы (если отличается от указанной);
3. сколько времени нужно на монтаж 1 ролика.

контакт: @lalitamal

➖➖➖➖➖➖➖➖➖➖","Здравствуйте! Готов взять монтаж Reels/Shorts/TikTok.

Делаю динамичный монтаж, субтитры, акценты, темп и упаковку под удержание. Особенно хорошо захожу в экспертные рилсы.

Портфолио: https://t.me/workinonlybusiness

Могу сделать платный тестовый ролик, чтобы вы сразу увидели уровень. Куда удобнее прислать ТЗ?"
2026-07-16T08:04:18+00:00,https://t.me/freelancce,2026-07-16T08:00:09+00:00,​ищу контент-менеджера,,15,горячий,https://t.me/freelancce/15401,короткие видео + монтаж + вакансия,"​ищу контент-менеджера 
нужен человек, который возьмёт на себя весь процесс публикации контента.
что делать:
 • размещать контент в инстагра, ютуб и тикток
 • с помощью ai писать заголовки, описания и хэштеги;
 • публиковать контент по расписанию;
 • поддерживать порядок в архиве.
 • постинг и дробление сторителинга
 • при необходимости делать простой монтаж с субтитрами
требования:
 • системность и ответственность;
 • хороший визуальный вкус;
 • опыт с chatgpt/claude и capcut (или аналогами);
 • понимание современных reels.
удалённо, долгосрочно. есть тестовое задание.
при отклике отправьте:
 • пару слов о себе;
 • примеры работ;
 • какие ai используете;
 • стоимость работы.

➖➖➖➖➖➖➖➖➖➖

Контакты: @alextsaga","Здравствуйте! Готов взять монтаж Reels/Shorts/TikTok.

Делаю динамичный монтаж, субтитры, акценты, темп и упаковку под удержание. Особенно хорошо захожу в экспертные рилсы.

Портфолио: https://t.me/workinonlybusiness

Могу сделать платный тестовый ролик, чтобы вы сразу увидели уровень. Куда удобнее прислать ТЗ?"
2026-07-16T08:04:18+00:00,https://t.me/editors_video,2026-07-16T05:45:12+00:00,Ищу видеомонтажера для постоянной работы с Instagram Reels женского итальянского бутика...,,15,горячий,https://t.me/editors_video/887,короткие видео + монтаж + вакансия,"Ищу видеомонтажера для постоянной работы с Instagram Reels женского итальянского бутика. Нужен современный, стильный монтаж в luxury-эстетике, чувство ритма, красивые переходы, субтитры и умение работать с модным контентом.

Присылайте в личные свои работы и стоимость

@kikotkatya","Здравствуйте! Готов взять монтаж Reels/Shorts/TikTok.

Делаю динамичный монтаж, субтитры, акценты, темп и упаковку под удержание. Особенно хорошо захожу в экспертные рилсы.

Портфолио: https://t.me/workinonlybusiness

Могу сделать платный тестовый ролик, чтобы вы сразу увидели уровень. Куда удобнее прислать ТЗ?"
2026-07-16T08:04:18+00:00,https://t.me/Panteon_WORK,2026-07-15T19:20:50+00:00,#Вакансия #ᴘᴀɴᴛᴇᴏɴ,,13,горячий,https://t.me/Panteon_WORK/3616,короткие видео + монтаж + вакансия,"#Вакансия #ᴘᴀɴᴛᴇᴏɴ 
Ищу монтажера Reels для долгосрочного сотрудничества.

Тематика: luxury hotels, architecture, interior design, travel.

Нужен кинематографичный монтаж:
 атмосферный ритм;
 цветокоррекция;
 sound design;
 работа с красивым светом;
 без шаблонных эффектов.

Формат: 4–8 Reels в месяц с перспективой увеличения.

Обязательно присылайте 3–5 лучших работ именно в luxury/travel/hospitality.

Автор: @irinaN280584","Здравствуйте! Готов взять монтаж Reels/Shorts/TikTok.

Делаю динамичный монтаж, субтитры, акценты, темп и упаковку под удержание. Особенно хорошо захожу в экспертные рилсы.

Портфолио: https://t.me/workinonlybusiness

Могу сделать платный тестовый ролик, чтобы вы сразу увидели уровень. Куда удобнее прислать ТЗ?"
2026-07-17T08:51:46+00:00,https://t.me/freelancce,2026-07-16T17:00:02+00:00,​AI Content Creator (ComfyUI),80000 ₽; 40000 ₽,17,горячий,https://t.me/freelancce/15408,видео + монтаж + вакансия,"​AI Content Creator (ComfyUI)

Ищем специалиста по генеративной графике и видео для работы над визуальным контентом наших проектов

Нам нужен не оператор отдельных AI-сервисов, а технически сильный специалист, который понимает устройство современных генеративных моделей, умеет работать с открытыми весами и самостоятельно собирать производственные пайплайны в ComfyUI

Задачи

- Редактура трейлеров, тизеров и создание других видеоматериалов
- Генерация и доработка 2D-материалов
- Разработка и поддержка пайплайнов генерации изображений и видео в ComfyUI
- Работа с моделями с открытыми весами: подбор моделей и датасетов, LoRA, ControlNet, IP-Adapter и другими инструментами управления результатом
- Обеспечение визуальной консистентности персонажей, объектов, окружения и стилистики между кадрами
- Тестирование новых моделей и инструментов, оценка их применимости в производственном процессе
- Подготовка исходных материалов и финальная доработка результата: монтаж, ретушь, цветокоррекция, устранение артефактов
- Документирование рабочих пайплайнов и параметров генерации

Требования

- Практический опыт работы с коммерческими генеративными моделями и коммерческими сервисами от 1 года
- Экспертное владение ComfyUI
- Опыт работы с ИИ-моделями с открытыми весами
- Понимание архитектуры и логики diffusion-моделей, работы sampler, scheduler, CFG, seed, latent space и так далее
- Опыт работы с LoRA, ControlNet, IP-Adapter, inpainting, outpainting и upscale-пайплайнами
- Умение устанавливать, настраивать и тестировать модели, custom nodes и зависимости
- Умение добиваться повторяемости и консистентности результата
- Навыки монтажа и постобработки в DaVinci Resolve, Adobe Premiere Pro, After Effects, Photoshop или аналогичных программах
- Понимание композиции, цвета, света, перспективы и визуальной иерархии
- Умение анализировать референсы и воспроизводить заданное художественное направление без прямого копирования отдельных работ

Будет преимуществом

- Наличие портфолио, приоритет — сложные ComfyUI-пайплайны и примеры консистентной генерации на основе LoRa, а не Edit Image моделей
- Опыт сборки датасетов и обучения, или дообучения LoRA
- Опыт работы с Z Image, Flux, Wan, HunyuanVideo, LTX-Video или аналогичными моделями
- Опыт оптимизации пайплайнов под доступные GPU-ресурсы
- Опыт подготовки контента для социальных сетей или рекламных кампаний
- Базовые навыки традиционного или цифрового рисунка

Технические условия

- Работа ведётся на инфраструктуре компании и через корпоративные аккаунты
- Основной объём задач связан с генеративными моделями
- Программы монтажа и графические редакторы используются для подготовки исходников и финальной обработки
- Конкретный набор моделей и инструментов может меняться в зависимости от задачи

Условия работы

- Парт-тайм, 4 часа в день или фулл-тайм
- Доход при фулл тайм от 60 000- 80 000 р., при парт тайм от 30 000 до 40 000 р. на руки
- Удалённая работа
- Гибкий рабочий график
- Рост оплаты зависит от уровня самостоятельности, сложности выполняемых задач и фактических результатов
- Возможность влиять на AI-пайплайн проекта и выбор используемых инструментов

Как откликнуться

Напишите HR в Telegram: @nextgen_lera_hr

К отклику обязательно (!) приложите:

- Ссылку на портфолио и примеры работ
- Примеры ваших воркфлоу в ComfyUI или скриншоты сложных графов с описанием
- Краткое описание опыта работы с моделями с открытыми весами
- Перечень моделей и инструментов, с которыми вы работали
- Информацию о вашей основной специализации: видео, консистентность, стилизация, монтаж, обучение моделей или разработка пайплайнов
- Желаемый тип занятости и график работы","Здравствуйте! Готов взять монтаж Reels/Shorts/TikTok.

Делаю динамичный монтаж, субтитры, акценты, темп и упаковку под удержание. Особенно хорошо захожу в экспертные рилсы.

Портфолио: https://t.me/workinonlybusiness

Могу сделать платный тестовый ролик, чтобы вы сразу увидели уровень. Куда удобнее прислать ТЗ?"
2026-07-17T08:51:46+00:00,https://t.me/prodjob,2026-06-09T08:49:57+00:00,Ищем оператора-документалиста для серии портретных видеоинтервью (Москва / гибрид).,,15,горячий,https://t.me/prodjob/1271,видео + монтаж + вакансия,"Ищем оператора-документалиста для серии портретных видеоинтервью (Москва / гибрид).

Kerimov Architects — международное архитектурное бюро с штаб-квартирой в Москве, отмеченное множеством престижных наград, работающее в верхнем ценовом сегменте частной и общественной архитектуры.

Требуется оператор для нашего внутреннего медийного проекта — серия портретных видеоинтервью.

Нам нужен оператор (идеально — с собственной небольшой командой и монтажёром), который:
• уверенно работает с портретом и живыми диалогами;
• чувствует документальный язык и аккуратный визуальный минимализм;
• может взять на себя полный цикл: организация съёмочного процесса, производство, базовый монтаж, подготовка версий под соцсети.

Формат занятости: долгосрочное сотрудничество, регулярные съёмочные дни, оплата по согласованному продакшн-рейту.

Пожалуйста, отправляйте портфолио (портретные/документальные интервью) и кратко о себе: опыт, роль в команде, ориентировочные бюджеты. 
Контакт: staritskaya@kerimovarchitects.com","Здравствуйте! Готов взять монтаж Reels/Shorts/TikTok.

Делаю динамичный монтаж, субтитры, акценты, темп и упаковку под удержание. Особенно хорошо захожу в экспертные рилсы.

Портфолио: https://t.me/workinonlybusiness

Могу сделать платный тестовый ролик, чтобы вы сразу увидели уровень. Куда удобнее прислать ТЗ?"
2026-07-17T08:51:46+00:00,https://t.me/editors_video,2026-07-08T10:21:24+00:00,"Ищем монтажера для e-commerce проекта на рынке США, занимаемся продажей кухонных ножей...",$10; $30,13,горячий,https://t.me/editors_video/878,видео + монтаж + вакансия,"Ищем монтажера для e-commerce проекта на рынке США, занимаемся продажей кухонных ножей из дамасской стали.

Сейчас мы активно масштабируем закупку трафика.
Ищем монтажера для работы в связке с нашим таргетологом. 

Ваша задача — помогать в создании рекламных макетов: делать динамичные склейки, нарезки, собирать ролики по ТЗ, а также закрывать потребность в недостающих кадрах с помощью нейросетей.

Что нужно будет делать:
Монтаж коротких рекламных видео для Meta Ads по ТЗ (различные форматы: нарезки, склейки, UGC, анбоксинги, процесс готовки).
Работа с нейросетями: самостоятельная генерация недостающих кадров, фонов и англоязычных ИИ-аватаров для создания цельного ролика.
Наложение англоязычных субтитров, плашек и динамичного саунд-дизайна.

Кого мы ищем:
Специалиста с опытом создания именно рекламных макетов (особенно для e-com / товарки), умеющего удерживать внимание зрителя с первых секунд.
Вы уверенно владеете ИИ-инструментами и понимаете, как с их помощью дополнить ролик или создать с нуля
Ваш уровень английского языка достаточен для корректной расстановки субтитров и работы с озвучкой.
Умение работать в команде: вы получаете задачи от таргетолога и быстро реализовываете их на монтаже.

Условия:
Оплата: сдельная, от $10 до $30 за один готовый ролик (обсуждается в зависимости от сложности сборки и объема ИИ-генераций).
Объем работы: Ориентир — 10–15 роликов в неделю.
Полностью удаленный формат работы.

Поиск остановлен","Здравствуйте! Готов взять монтаж Reels/Shorts/TikTok.

Делаю динамичный монтаж, субтитры, акценты, темп и упаковку под удержание. Особенно хорошо захожу в экспертные рилсы.

Портфолио: https://t.me/workinonlybusiness

Могу сделать платный тестовый ролик, чтобы вы сразу увидели уровень. Куда удобнее прислать ТЗ?"
2026-07-17T08:51:46+00:00,https://t.me/editors_video,2026-07-13T14:13:19+00:00,Ищем монтажёра в международный продакшн на долгосрочный проект,$10,13,горячий,https://t.me/editors_video/883,видео + монтаж + вакансия,"Ищем монтажёра в международный продакшн на долгосрочный проект

Основная задача — монтаж коротких видео со средним уровнем моушна: подрезка пауз, сборка по смыслу, титры, заставка, звук, b-roll, вставки, sound design

💰 Оплата: $10 за видео
📌 Объём: 200–350 роликов в течение года
🎬 Пример монтажа отправим в личные сообщения

Если у вас есть больше свободного времени, сможем давать дополнительные задачи по монтажу другого уровня и сложности

Для отклика отправьте в ЛС:

1. Примеры похожих работ
2. В начале сообщения напишите «Продакшн», чтобы мы понимали, что вы прочитали условия

✅ Поиск остановлен","Здравствуйте! Готов взять монтаж Reels/Shorts/TikTok.

Делаю динамичный монтаж, субтитры, акценты, темп и упаковку под удержание. Особенно хорошо захожу в экспертные рилсы.

Портфолио: https://t.me/workinonlybusiness

Могу сделать платный тестовый ролик, чтобы вы сразу увидели уровень. Куда удобнее прислать ТЗ?"
2026-07-17T08:51:46+00:00,https://t.me/editors_video,2026-07-16T06:19:40+00:00,#вакансия #монтажер #youtube,$540,13,горячий,https://t.me/editors_video/888,видео + монтаж + вакансия,"#вакансия #монтажер #youtube

YouTube-канала с челленджами (500+ тысяч подписчиков) 
Название: Lady Pop

Мне нужен человек, который понимает, как сделать видео виральным и всегда соблюдает дедлайны. Для меня очень важны ответственность, скорость и постоянное стремление становиться лучше. Объём минимум 30 роликов в месяц (если есть возможность сделать два в день, то будет отлично)
я предлагаю стабильную оплату, большой объём работы и возможность расти вместе с каналом

Монтировать минимум 1 короткий ролик в день, удаленно

Нужно владеть английским языком на среднем уровне и иметь опыт монтирования роликов от 1 млн просмотров

💵 Бюджет:
$540 за тридцать роликов в месяц с возможностью повышения оплаты на следующем месяце

✏️ Заполните анкету, чтобы подать заявку","Здравствуйте! Готов взять монтаж Reels/Shorts/TikTok.

Делаю динамичный монтаж, субтитры, акценты, темп и упаковку под удержание. Особенно хорошо захожу в экспертные рилсы.

Портфолио: https://t.me/workinonlybusiness

Могу сделать платный тестовый ролик, чтобы вы сразу увидели уровень. Куда удобнее прислать ТЗ?"
2026-07-17T08:51:46+00:00,https://t.me/Panteon_WORK,2026-07-16T16:18:06+00:00,"​Привет! Я Полина, видеомонтажер!",,12,горячий,https://t.me/Panteon_WORK/3619,видео + монтаж + вакансия,"​Привет! Я Полина, видеомонтажер! 

Работаю в Premiere Pro и After Effects. 

▪️внимательна к деталям (субтитры, переходы, эффекты, саунд.диз) 
▪️соблюдаю дед-лайны ☝️
▪️всегда на связи 
▪️знаю, как сделать ролик динамичным и удерживающим внимание до конца!

📁 Портфолио @poli_nochka_portfolio
📩 Заказ @poli_nochka","Здравствуйте! Готов взять монтаж Reels/Shorts/TikTok.

Делаю динамичный монтаж, субтитры, акценты, темп и упаковку под удержание. Особенно хорошо захожу в экспертные рилсы.

Портфолио: https://t.me/workinonlybusiness

Могу сделать платный тестовый ролик, чтобы вы сразу увидели уровень. Куда удобнее прислать ТЗ?"
2026-07-17T08:51:46+00:00,https://t.me/editors_video,2026-07-04T13:21:17+00:00,Ищу видеомонтажёра в команду для YouTube-канала с челленджами (500+ тысяч подписчиков).,,12,горячий,https://t.me/editors_video/874,видео + монтаж + вакансия,"Ищу видеомонтажёра в команду для YouTube-канала с челленджами (500+ тысяч подписчиков).

Мне нужен человек, который понимает, что делает видео вирусным, умеет монтировать быстро без потери качества, всегда соблюдает дедлайны и по-настоящему любит монтаж. Для меня очень важны ответственность, скорость и постоянное стремление становиться лучше.

Со своей стороны я предлагаю стабильную оплату, большой объём работы и возможность расти вместе с каналом.

Буду рада познакомиться и, надеюсь, поработать вместе! 🚀
Если тебе это откликается — заполняй анкету.","Здравствуйте! Готов взять монтаж Reels/Shorts/TikTok.

Делаю динамичный монтаж, субтитры, акценты, темп и упаковку под удержание. Особенно хорошо захожу в экспертные рилсы.

Портфолио: https://t.me/workinonlybusiness

Могу сделать платный тестовый ролик, чтобы вы сразу увидели уровень. Куда удобнее прислать ТЗ?"
2026-07-17T08:51:46+00:00,https://t.me/prodjob,2026-06-30T10:27:41+00:00,Ищем монтажёра анимационного сериала / аниме-проекта,,12,горячий,https://t.me/prodjob/1281,видео + монтаж + вакансия,"Ищем монтажёра анимационного сериала / аниме-проекта

Мы создаем оригинальный анимационный сериал в жанре славянского фэнтези. 
Ищем монтажёра для чистовой сборки эпизодов.

Задачи:
— собрать чистовой монтаж по готовой режиссёрской версии;
— заменить черновые материалы финальными видео в 4K;
— выстроить тайминг, стыки и темпоритм сцен;
— при необходимости синхронизировать монтаж с музыкальным ритмом;
— сделать цветокоррекцию и визуально выровнять шоты;
— добавить минимальные переходы, эффекты, леттеринг и логотипы.

Для нас важно:
— понимание драматургии и темпоритма монтажа;
— навыки цветокоррекции;
— внимательность к деталям и умение использовать эффекты сдержанно;
— уверенное владение профессиональным монтажным и графическим ПО.

Мы предоставляем готовые анимированные шоты, сценарий, режиссёрский монтаж, раскадровку и комментарии режиссёра.

Первый объём: около 10 минут серии и тизер под музыку длительностью 1:17.

Работа удалённая, проектная, с возможностью последующего долгосрочного сотрудничества. Сроки и стоимость обсуждаются после знакомства с портфолио и материалами. Предусмотрено небольшое тестовое задание.

Для отклика пришлите в ЛС @innanovika краткую информацию о себе, 2–3 релевантные работы или шоурил и укажите, в каких программах работаете.","Здравствуйте! Готов взять монтаж Reels/Shorts/TikTok.

Делаю динамичный монтаж, субтитры, акценты, темп и упаковку под удержание. Особенно хорошо захожу в экспертные рилсы.

Портфолио: https://t.me/workinonlybusiness

Могу сделать платный тестовый ролик, чтобы вы сразу увидели уровень. Куда удобнее прислать ТЗ?"
2026-07-17T08:51:46+00:00,https://t.me/prodjob,2026-06-10T08:29:53+00:00,#ai #aiкреатор,,11,норм,https://t.me/prodjob/1272,видео + монтаж + вакансия,"#ai #aiкреатор

Ищем AI-креатора 📌

Удаленная работа, гибкий график.

Задачи:
• Создание рекламных AI-роликов для брендов и рекламных кампаний
• Генерация фото- и видеоконтента с помощью современных AI-инструментов

Требования:
• Опыт создания AI-видео для рекламы, брендов или социальных сетей
• Знание AI-инструментов для генерации фото и видео (Midjourney, Nana Banana Kling, Runway, Veo, Luma и др.)
• Владение Photoshop
• Насмотренность в рекламе, fashion и digital-контенте

Будет плюсом:
• Навыки монтажа в Premiere Pro, After Effects или CapCut
• Опыт создания рекламных кампаний для fashion, beauty, FMCG 
• Опыт работы в продакшене, агентстве или на позиции креативного продюсера

Для отклика присылайте:
• Портфолио с AI-видео и фото
• Несколько работ, которыми особенно гордитесь

Пишите: @sobolevanastasia

Для подтверждения навыков предложим небольшое тестовое задание.","Здравствуйте! Готов взять монтаж Reels/Shorts/TikTok.

Делаю динамичный монтаж, субтитры, акценты, темп и упаковку под удержание. Особенно хорошо захожу в экспертные рилсы.

Портфолио: https://t.me/workinonlybusiness

Могу сделать платный тестовый ролик, чтобы вы сразу увидели уровень. Куда удобнее прислать ТЗ?"
2026-07-17T08:51:46+00:00,https://t.me/prodjob,2026-07-09T08:18:57+00:00,Больше года в профессиональном видеопродакшене,,8,норм,https://t.me/prodjob/1284,видео + монтаж + вакансия,"Больше года в профессиональном видеопродакшене 
Работал с Moscow Raceway, Единая Россия, Национальный Центр, Сыроварня, Pro Service и другие 

🚬 Монтаж репортажных съёмок, интервью, многокамерных проектов, выпусков шоу и подкастов.

📽 Создание мини-фильмов и динамичных видео (включая гонки и спортивные проекты).

📱 Работа с инфографикой и анимацией в After Effects (логотипы, титры, динамические элементы).

📱 Полноценная обработка звука, саунд-дизайн, шумоподавление, сведение.

⏱ Снял сегодня — посмотрел завтра. Реально супер быстрая и качественная сборка больших проектов

Контакт: @u3ympyg","Здравствуйте! Готов взять монтаж Reels/Shorts/TikTok.

Делаю динамичный монтаж, субтитры, акценты, темп и упаковку под удержание. Особенно хорошо захожу в экспертные рилсы.

Портфолио: https://t.me/workinonlybusiness

Могу сделать платный тестовый ролик, чтобы вы сразу увидели уровень. Куда удобнее прислать ТЗ?"
2026-07-17T08:51:46+00:00,https://t.me/Panteon_WORK,2026-07-12T14:37:05+00:00,#Вакансия #ᴘᴀɴᴛᴇᴏɴ,,6,слабый,https://t.me/Panteon_WORK/3595,видео + монтаж + вакансия,"#Вакансия #ᴘᴀɴᴛᴇᴏɴ 
Нужен монтажер вертикальных видео в игровом-развлекательном формате, жду отклики только с примерами таких работ, в лс скину референсы

Автор: @QzeM_1","Здравствуйте! Готов взять монтаж Reels/Shorts/TikTok.

Делаю динамичный монтаж, субтитры, акценты, темп и упаковку под удержание. Особенно хорошо захожу в экспертные рилсы.

Портфолио: https://t.me/workinonlybusiness

Могу сделать платный тестовый ролик, чтобы вы сразу увидели уровень. Куда удобнее прислать ТЗ?"
2026-07-17T08:51:46+00:00,https://t.me/Panteon_WORK,2026-07-14T21:41:46+00:00,#Вакансия #ᴘᴀɴᴛᴇᴏɴ,,6,слабый,https://t.me/Panteon_WORK/3609,видео + монтаж + вакансия,"#Вакансия #ᴘᴀɴᴛᴇᴏɴ 
Нужен монтажер простеньких видео, пойдут новички.
Уровень примерно такой:
https://www.youtube.com/results?search_query=LQC9RLNQqB8

Пишите прайм за минуту

Автор: @tovsyan","Здравствуйте! Готов взять монтаж Reels/Shorts/TikTok.

Делаю динамичный монтаж, субтитры, акценты, темп и упаковку под удержание. Особенно хорошо захожу в экспертные рилсы.

Портфолио: https://t.me/workinonlybusiness

Могу сделать платный тестовый ролик, чтобы вы сразу увидели уровень. Куда удобнее прислать ТЗ?"
2026-07-17T08:51:46+00:00,https://t.me/editors_video,2026-07-11T13:54:48+00:00,Нужен монтаж для Вертикального док-влог «Выставка наизнанку»,,6,слабый,https://t.me/editors_video/880,видео + монтаж + вакансия,"Нужен монтаж для Вертикального док-влог «Выставка наизнанку»

Проект: Сырой вертикальный лайф-репортаж о людях из энергетики. 
Задача: Собрать Выпуск 1 («Про людей»). Бесшовно свести подводки ведущего с живыми интервью с выставки. 

Исходники:
• Раскадровка: Таблица с таймкодами, сутью кадров и разбивкой на сюжеты.
• Видео: Вертикальные файлы со смартфона (1x — интервью, 0.6x — перебивки). 

Что нужно:
• Вайб: Аутентичность, динамика, живые люди.
• Звук: вытянуть, где нужно речь из сильного гула выставочного павильона.
• Монтаж: Невидимые склейки. Естественный ритм разговора без дешевых эффектов. 

Если умеете, пришлите 2-3 примера вашего вертикального документального монтажа или лайф-репортажей и стоимость. Отправлю раскадровку и исходники. 

😎 Исполнитель найден","Здравствуйте! Готов взять монтаж Reels/Shorts/TikTok.

Делаю динамичный монтаж, субтитры, акценты, темп и упаковку под удержание. Особенно хорошо захожу в экспертные рилсы.

Портфолио: https://t.me/workinonlybusiness

Могу сделать платный тестовый ролик, чтобы вы сразу увидели уровень. Куда удобнее прислать ТЗ?"
2026-07-17T13:41:29+00:00,https://t.me/udafrii,2026-07-17T12:00:02+00:00,​#ищу #монтажера,,9,норм,https://t.me/udafrii/14943,видео + монтаж + вакансия,"​#ищу #монтажера 

мы бренд спортивного питания. ищем в штат монтажеров, которые умеют быстро и классно работать в программах для монтажа. 
с нуля монтировать не надо, задача именно адаптировать старые ролики и публиковать их.
работать будете с крупным фитнес блогером 

задачи:
- перемонтировать старые ролики (добавлять к ним вставки, перебивки, чтобы соц сели считали это новым видео)
- добавлять в него вставки с рекламой спортивного питания 
- выкладывать 3-5 роликов каждый день (начнем с одного и по мере прогрева аккаунта увеличивать) 

требования к специалисту:
- умение монтировать 
- ответственность 
- наличие 1-2 часов в день. 

условия работы:
- график свободный 
- удаленная работа 
- оплата фикс + процент от kpi
- дополнительное обучение от компании

есть небольшое тестовое задание.
писать: @bodybuy_support ⬅️

➖➖➖➖➖➖➖➖➖➖

Контакты: @nik_khamtsov","Здравствуйте! Готов взять монтаж Reels/Shorts/TikTok.

Делаю динамичный монтаж, субтитры, акценты, темп и упаковку под удержание. Особенно хорошо захожу в экспертные рилсы.

Портфолио: https://t.me/workinonlybusiness

Могу сделать платный тестовый ролик, чтобы вы сразу увидели уровень. Куда удобнее прислать ТЗ?"
2026-07-17T16:16:29+00:00,https://t.me/Panteon_WORK,2026-07-17T13:56:00+00:00,#Вакансия #ᴘᴀɴᴛᴇᴏɴ,,18,горячий,https://t.me/Panteon_WORK/3623,видео + монтаж + вакансия,"#Вакансия #ᴘᴀɴᴛᴇᴏɴ 
Мы — магазин премиальной пряжи «Атмосфера» и ищем монтажера для регулярной работы над видеоконтентом.

Первый проект — репортаж (до 40 минут) с международной выставки Pitti Filati во Флоренции. Важно не просто смонтировать видео, а передать атмосферу, масштаб события, красоту трикотажа и главные тенденции сезона.

Что ожидаем:
— опыт монтажа длинных видео (репортажи, мероприятия, YouTube, интервью);
— хороший вкус и чувство ритма;
— умение выстраивать историю из большого объема материала;
— ответственность и соблюдение сроков.

При отклике отправьте:
📎 портфолио;
📎 стоимость монтажа видео до 40 минут;
📎 срок выполнения;
📎 программы, в которых работаете.

После успешного первого проекта рассчитываем на долгосрочное сотрудничество: Reels, Shorts, интервью, обзоры и другой видеоконтент.

Важно: нам близок аккуратный, современный монтаж с эстетикой документальных и lifestyle-проектов. Предпочитаем выразительную работу с кадром и ритмом без перегруженности эффектами.

📩 Пишите в личные сообщения: @avdeevam93","Здравствуйте! Готов взять монтаж Reels/Shorts/TikTok.

Делаю динамичный монтаж, субтитры, акценты, темп и упаковку под удержание. Особенно хорошо захожу в экспертные рилсы.

Портфолио: https://t.me/workinonlybusiness

Могу сделать платный тестовый ролик, чтобы вы сразу увидели уровень. Куда удобнее прислать ТЗ?"
2026-07-17T16:16:29+00:00,https://t.me/editors_video,2026-07-17T13:55:59+00:00,Мы — магазин премиальной пряжи «Атмосфера» и ищем монтажера для регулярной работы над в...,,17,горячий,https://t.me/editors_video/899,видео + монтаж + вакансия,"Мы — магазин премиальной пряжи «Атмосфера» и ищем монтажера для регулярной работы над видеоконтентом.

Первый проект — репортаж (до 40 минут) с международной выставки Pitti Filati во Флоренции. Важно не просто смонтировать видео, а передать атмосферу, масштаб события, красоту трикотажа и главные тенденции сезона.

Что ожидаем:
— опыт монтажа длинных видео (репортажи, мероприятия, YouTube, интервью);
— хороший вкус и чувство ритма;
— умение выстраивать историю из большого объема материала;
— ответственность и соблюдение сроков.

При отклике отправьте:
📎 портфолио;
📎 стоимость монтажа видео до 40 минут;
📎 срок выполнения;
📎 программы, в которых работаете.

После успешного первого проекта рассчитываем на долгосрочное сотрудничество: Reels, Shorts, интервью, обзоры и другой видеоконтент.

Важно: нам близок аккуратный, современный монтаж с эстетикой документальных и lifestyle-проектов. Предпочитаем выразительную работу с кадром и ритмом без перегруженности эффектами.

📩 Пишите в личные сообщения: @avdeevam93","Здравствуйте! Готов взять монтаж Reels/Shorts/TikTok.

Делаю динамичный монтаж, субтитры, акценты, темп и упаковку под удержание. Особенно хорошо захожу в экспертные рилсы.

Портфолио: https://t.me/workinonlybusiness

Могу сделать платный тестовый ролик, чтобы вы сразу увидели уровень. Куда удобнее прислать ТЗ?"
2026-07-18T10:19:44+00:00,https://t.me/Panteon_WORK,2026-07-18T10:02:39+00:00,#Вакансия #ᴘᴀɴᴛᴇᴏɴ,,20,горячий,https://t.me/Panteon_WORK/3627,видео + монтаж + вакансия,"#Вакансия #ᴘᴀɴᴛᴇᴏɴ 
Ищу монтажера подкастов (Москва)

Ищу монтажера подкастов в продакшн для постонной проектной работы (только Adobe Premiere Pro)

Что нужно делать:
- монтаж видеоподкастов
- цветокоррекция, монтаж звука
- создание цепляющих интро

Условия:
- удаленная проектная работа
- своевременная оплата за каждый проект
- возможно увеличение обьема работы в будущем

Как откликнуться:
1) Портфолио + прайсы, сроки выполнения
2) Программы в которых работаете
3) Дополнительные навыки какие посчитаете стоящими
4) Укажите текущую загрузку

В отлике обязательно напишите #подкаст! Иначе могу не увидеть. Отклики без портфолио НЕ рассматриваются

Рассматриваем только монтажеров с опытом работы с подкастами / интервью и только на долгосрочное сотрудничество. 

Плюсом будет: 
1) Владение английским / испанским языком на уровне B1+
2) Владение After Effects / программами для монтажа звука

Пишите в личку: @tmjwnkl
Начну разбирать отклики 20.07 в 15:00

Автор: @tmjwnkl","Здравствуйте! Готов взять монтаж Reels/Shorts/TikTok.

Делаю динамичный монтаж, субтитры, акценты, темп и упаковку под удержание. Особенно хорошо захожу в экспертные рилсы.

Портфолио: https://t.me/workinonlybusiness

Могу сделать платный тестовый ролик, чтобы вы сразу увидели уровень. Куда удобнее прислать ТЗ?"
2026-07-18T10:19:44+00:00,https://t.me/freelancce,2026-07-18T06:00:13+00:00,​#ищу #монтажер #рилсмейкер #видеомонтаж #reels,,18,горячий,https://t.me/freelancce/15420,видео + монтаж + вакансия,"​#ищу #монтажер #рилсмейкер #видеомонтаж #reels
креативный монтажер рилс

задачи:
— монтаж рилс для разных проектов;
— делать динамичные вставки;
— оформлять красивые титры;
— добавлять анимации и саунд-дизайн;
— находить сильные, смешные и цепляющие моменты в интервью и уличных опросах;
— вырезать лучшие ответы и собирать из них креативные, интересные видео.

требования:
— уверенный навык монтажа коротких вертикальных видео;
— умение работать со вставками, титрами, анимацией и саунд-дизайном;
— чувство темпа, юмора и смыслов;
— умение самостоятельно отбирать лучшие фрагменты из исходников;
— опыт монтажа интервью / опросов будет плюсом.

условия:
— работы много, регулярные задачи по рилсам;
— у меня свой видеопродакшен;
— формат сотрудничества и оплата обсуждаются индивидуально.

для отклика пишите в лс строго по форме:
0. все одним сообщением, не спамить.
1. ссылка на 1–3 ваши лучшие работы.
2. стоимость монтажа 1 рилс.

важно: сообщения не по форме рассматриваться не будут 🙏🏻
контакты для отклика:
@vladgabovpro","Здравствуйте! Готов взять монтаж Reels/Shorts/TikTok.

Делаю динамичный монтаж, субтитры, акценты, темп и упаковку под удержание. Особенно хорошо захожу в экспертные рилсы.

Портфолио: https://t.me/workinonlybusiness

Могу сделать платный тестовый ролик, чтобы вы сразу увидели уровень. Куда удобнее прислать ТЗ?"
2026-07-18T10:19:44+00:00,https://t.me/editors_video,2026-07-18T09:03:10+00:00,tormiks | монтаж,,11,норм,https://t.me/editors_video/900,видео + монтаж + вакансия,"tormiks | монтаж

👋Привет, я занимаюсь видеомонтажом более двух лет и специализируюсь на создании рилсов 

Что вы получите?
• Динамичный и цепляющий монтаж, который реально приводит лидов
•Субтитры, анимации, переходы и саунд-дизайн, которые дополняют ролик, а не перегружают его
•Соблюдение дедлайнов и оперативные правки

Мои работы: https://t.me/portfoli1ooo

Возьму на себя ВЕСЬ технический процесс, с вас-только исходники

🙂‍↕️Заказать монтаж, который реально принесет результат-@artemiy_reels","Здравствуйте! Готов взять монтаж Reels/Shorts/TikTok.

Делаю динамичный монтаж, субтитры, акценты, темп и упаковку под удержание. Особенно хорошо захожу в экспертные рилсы.

Портфолио: https://t.me/workinonlybusiness

Могу сделать платный тестовый ролик, чтобы вы сразу увидели уровень. Куда удобнее прислать ТЗ?"
2026-07-18T19:07:15+00:00,https://t.me/Panteon_WORK,2026-07-18T17:07:35+00:00,#Вакансия #ᴘᴀɴᴛᴇᴏɴ,,9,норм,https://t.me/Panteon_WORK/3628,видео + монтаж + вакансия,"#Вакансия #ᴘᴀɴᴛᴇᴏɴ 
Ребята, ищу монтажера, кто шарит за мемы и монтирует стильные рилсы с мемами!💁🏻

Писать @visualvandall 
Обязательно с примерами работ","Здравствуйте! Готов взять монтаж Reels/Shorts/TikTok.

Делаю динамичный монтаж, субтитры, акценты, темп и упаковку под удержание. Особенно хорошо захожу в экспертные рилсы.

Портфолио: https://t.me/workinonlybusiness

Могу сделать платный тестовый ролик, чтобы вы сразу увидели уровень. Куда удобнее прислать ТЗ?"
2026-07-18T19:07:15+00:00,https://t.me/Panteon_WORK,2026-07-18T18:49:17+00:00,#Вакансия #ᴘᴀɴᴛᴇᴏɴ,,7,норм,https://t.me/Panteon_WORK/3630,видео + монтаж + вакансия,"#Вакансия #ᴘᴀɴᴛᴇᴏɴ 
Приветствую! Ищем монтажера в команду ютуб-канала с исторической тематикой.

Требования:
 Умение работать в сжатых сроках
 Умение адекватно оценивать свои силы
 Большая «насмотренность»

Софт, в котором работаете — неважен, важен результат. Если есть навыки в моушн-дизайне — будет вашим преимуществом

Референсы (минимальные требования по навыкам):
 Видео
 Видео

Условия:
 Конкурентная, сдельная ЗП за каждое видео
 Прозрачная и понятная система работы, под которую легко адаптироваться

 Контакт: @sobko_maxim","Здравствуйте! Готов взять монтаж Reels/Shorts/TikTok.

Делаю динамичный монтаж, субтитры, акценты, темп и упаковку под удержание. Особенно хорошо захожу в экспертные рилсы.

Портфолио: https://t.me/workinonlybusiness

Могу сделать платный тестовый ролик, чтобы вы сразу увидели уровень. Куда удобнее прислать ТЗ?"
2026-07-18T19:27:32+00:00,https://t.me/distantsiya2,2025-05-05T10:05:37+00:00,"Нужен монтажёр Reels, в агенство.",,19,горячий,https://t.me/distantsiya2/1662,видео + монтаж + вакансия,"Нужен монтажёр Reels, в агенство. 

Условия:

- Ведение 4-5 проектов.
- Участие в создании контента для широкой аудитории.

Свободный график, главное — выполнение плана.

 Что ты получишь:

- Работа с крупными компаниями.
- Возможность развить свои креативные навыки. 
- Гибкость графика: удалённая работа, чёткие задачи, интересные кейсы.
Долгосрочное сотрудничество и перспективы роста в проекте.

Опыт работы и прохождение курсов Reels/Shorts обязателен.

Мы ищем ответственного и креативного монтажёра, который понимает структуру сценария и умеет влиять на удержание. 

Для отклика на вакансию пишите мне в лс: @diweum и я вышлю вам анкету для заполнения. 
❗️Без анкеты кандидатов не рассматриваем.❗️","Здравствуйте! Готов взять монтаж Reels/Shorts/TikTok.

Делаю динамичный монтаж, субтитры, акценты, темп и упаковку под удержание. Особенно хорошо захожу в экспертные рилсы.

Портфолио: https://t.me/workinonlybusiness

Могу сделать платный тестовый ролик, чтобы вы сразу увидели уровень. Куда удобнее прислать ТЗ?"
2026-07-18T19:27:32+00:00,https://t.me/montage_job,2026-07-01T15:24:58+00:00,Вакансия взята из нашего бота,,18,горячий,https://t.me/montage_job/741,видео + монтаж + вакансия,"Вакансия взята из нашего бота
Ежедневно в бот приходит от 150 предложений о работе
В боте доступны 🟢 Премиум вакансии

🔥 Вакансия V16280
#короткийформат
Предварительная оценка вакансии:
🟡 Приемлемая

Ищем видеомонтажёра в команду.

Создаём рекламные Reels/TikTok для доставки суши. Материал снимаем сами — от вас нужен только современный монтаж.

Приоритет — опыт с фуд-контентом: доставка еды, кафе, рестораны.

Формат работы: удалённо, долгосрочное сотрудничество.

Для отклика присылайте портфолио.

📞 Контакт: https://t.me/kristina_pogrebnay

В боте собрано более 870 источников с вакансиями для контент-мейкера","Здравствуйте! Готов взять монтаж Reels/Shorts/TikTok.

Делаю динамичный монтаж, субтитры, акценты, темп и упаковку под удержание. Особенно хорошо захожу в экспертные рилсы.

Портфолио: https://t.me/workinonlybusiness

Могу сделать платный тестовый ролик, чтобы вы сразу увидели уровень. Куда удобнее прислать ТЗ?"
2026-07-18T19:27:32+00:00,https://t.me/distantsiya2,2025-05-05T09:04:26+00:00,Требуется #монтажер,80000 ₽,16,горячий,https://t.me/distantsiya2/1661,видео + монтаж + вакансия,"Требуется #монтажер

Задачи
- Монтаж видео
- Создание видео-заставок 
- Создание титров

Требования
- Навык монтажа видео
- Работа в Davinci Resolve (Premiere Pro не рассматриваем
- Навык цветокоррекции материала в Log профилях
- Базовое знание After Effects и Adobe Photoshop
- Наличие портфолио (отправить сразу при обращении)

Условия
- Удаленная работа, частичная занятость
- З/п 30 000 - 80 000 ₽ (доход полностью зависит от ваших навыков, скорости работы и сложности проектов, которые вы сможете брать)

📝 Контакт: @onegina_jane","Здравствуйте! Готов взять монтаж Reels/Shorts/TikTok.

Делаю динамичный монтаж, субтитры, акценты, темп и упаковку под удержание. Особенно хорошо захожу в экспертные рилсы.

Портфолио: https://t.me/workinonlybusiness

Могу сделать платный тестовый ролик, чтобы вы сразу увидели уровень. Куда удобнее прислать ТЗ?"
2026-07-18T19:27:32+00:00,https://t.me/montage_job,2026-06-30T14:03:54+00:00,Вакансия взята из нашего бота,$350; $400; $250,15,горячий,https://t.me/montage_job/731,видео + монтаж + вакансия,"Вакансия взята из нашего бота
Ежедневно в бот приходит от 150 предложений о работе
В боте доступны 🟢 Премиум вакансии

🔥 Вакансия V16086
#короткийформат
Предварительная оценка вакансии:
🟡 Приемлемая

Ищут видеомонтажёра на полный рабочий день в команду.

Задачи: монтаж коротких роликов для Instagram/TikTok, 5–6 видео в день. Только монтаж, без распыления на другие задачи.

Условия:
— график: 10:00–19:30;
— обед: 13:30–14:30;
— старт: аванс $350, через 2 недели — $400;
— после 4 месяцев работы ставка повышается на $250;
— формат — долгосрочное сотрудничество.

Кого ищут: человека, который горит монтажом, хочет расти в этом направлении и развиваться в команде.

Отклик: написать в личные сообщения с портфолио и коротким рассказом о себе. После отклика пришлют пример ролика, который нужно будет делать.

📞 Контакт: https://t.me/damir_petelin

В боте собрано более 870 источников с вакансиями для контент-мейкера","Здравствуйте! Готов взять монтаж Reels/Shorts/TikTok.

Делаю динамичный монтаж, субтитры, акценты, темп и упаковку под удержание. Особенно хорошо захожу в экспертные рилсы.

Портфолио: https://t.me/workinonlybusiness

Могу сделать платный тестовый ролик, чтобы вы сразу увидели уровень. Куда удобнее прислать ТЗ?"
2026-07-18T19:27:32+00:00,https://t.me/vacanciesrus,2026-07-17T11:21:39+00:00,"Специалист по привлечению клиентов (удаленно, частичная занятость)",300000 ₽; 10000 ₽,14,горячий,https://t.me/vacanciesrus/3716,видео + монтаж + вакансия,"Специалист по привлечению клиентов (удаленно, частичная занятость)

Мы — команда видеомонтажа для YouTube и соцсетей.
За последние 4 года мы увеличили среднегодовую выручку в 30 раз.
Сейчас она составляет около 300 000 ₽ в месяц, при этом около 90% дохода приносят постоянные клиенты.
Мы хотим расти быстрее и ищем человека, который поможет привлекать новых клиентов.

Что нужно делать:
- Самостоятельно искать новых клиентов любыми удобными способами. Мы не ограничиваем в выборе инструментов — важен только результат.
- Предоставим все необходимое для старта: портфолио, прайс и кейсы.

Условия:
- Свободный график (ориентировочно 2–3 часа в день).
- Оплата: оклад 10 000 ₽ в месяц + 30% от валовой прибыли с первого оплаченного заказа каждого привлеченного вами клиента.
- Доход не ограничен: чем больше клиентов привлечете, тем больше заработаете.

Кого ищем:
Желателен опыт в B2B-продажах, digital или самостоятельном поиске клиентов. Главное — инициативность, умение находить решения и желание зарабатывать на результате.

Если вам нравится самостоятельно искать рабочие решения, тестировать гипотезы и видеть связь между своим результатом и доходом — будем рады познакомиться.

Контакт:
@shamilagaev","Здравствуйте! Готов взять монтаж Reels/Shorts/TikTok.

Делаю динамичный монтаж, субтитры, акценты, темп и упаковку под удержание. Особенно хорошо захожу в экспертные рилсы.

Портфолио: https://t.me/workinonlybusiness

Могу сделать платный тестовый ролик, чтобы вы сразу увидели уровень. Куда удобнее прислать ТЗ?"
2026-07-18T19:27:32+00:00,https://t.me/montage_job,2026-06-30T12:48:53+00:00,Вакансия взята из нашего бота,1000 ₽,12,горячий,https://t.me/montage_job/730,видео + монтаж + вакансия,"Вакансия взята из нашего бота
Ежедневно в бот приходит от 150 предложений о работе
В боте доступны 🟢 Премиум вакансии

🔥 Вакансия V16062
#длинныйформат
Предварительная оценка вакансии:
🟡 Приемлемая

Ищут монтажёра для видео по видеоиграм.

Планируется долгосрочное сотрудничество. Желательно иметь портфолио или показать свои навыки.

Оплата: от 1000 рублей за видео.

Нужно уметь работать с переходами, цветокоррекцией, субтитрами, мем-вставками и другими элементами, характерными для видеогейминга.

График свободный.

📞 Контакт: https://t.me/Banfianco

В боте собрано более 870 источников с вакансиями для контент-мейкера","Здравствуйте! Готов взять монтаж Reels/Shorts/TikTok.

Делаю динамичный монтаж, субтитры, акценты, темп и упаковку под удержание. Особенно хорошо захожу в экспертные рилсы.

Портфолио: https://t.me/workinonlybusiness

Могу сделать платный тестовый ролик, чтобы вы сразу увидели уровень. Куда удобнее прислать ТЗ?"
2026-07-18T19:27:32+00:00,https://t.me/distantsiya2,2025-09-11T10:22:46+00:00,#монтажер коротких роликов,,11,норм,https://t.me/distantsiya2/1677,видео + монтаж + вакансия,"#монтажер коротких роликов

Задача:
-Монтаж коротких роликов для reels и shorts
-Добавление графических элементов для улучшения восприятия контента
-Работа со звуком при необходимости 
Требования:
-Опыт монтажа коротких роликов
-Уверенное владение программ для монтажа
-Умение работать с инфографикой
-Внимательность к деталям и качеству звука
-Способность соблюдать дедлайны
-Понимание принципов вирального контента

@NikaGolomaga","Здравствуйте! Готов взять монтаж Reels/Shorts/TikTok.

Делаю динамичный монтаж, субтитры, акценты, темп и упаковку под удержание. Особенно хорошо захожу в экспертные рилсы.

Портфолио: https://t.me/workinonlybusiness

Могу сделать платный тестовый ролик, чтобы вы сразу увидели уровень. Куда удобнее прислать ТЗ?"
2026-07-18T19:27:32+00:00,https://t.me/montage_job,2026-06-30T16:53:55+00:00,Вакансия взята из нашего бота,,10,норм,https://t.me/montage_job/733,видео + монтаж + вакансия,"Вакансия взята из нашего бота
Ежедневно в бот приходит от 150 предложений о работе
В боте доступны 🟢 Премиум вакансии

🔥 Вакансия V16123
#короткийформат
Предварительная оценка вакансии:
🟡 Приемлемая

Ищем в штат монтажёра коротких видео в CapCut.

Задачи: 2–3 видео в день, простой и чистый монтаж.

Требования: английский язык, скорость, ответственность. Сотрудничество долгосрочное.

Откликаться с портфолио. Нужно быть готовым к тестовому заданию.

📞 Контакт: https://t.me/katy_alss

В боте собрано более 870 источников с вакансиями для контент-мейкера","Здравствуйте! Готов взять монтаж Reels/Shorts/TikTok.

Делаю динамичный монтаж, субтитры, акценты, темп и упаковку под удержание. Особенно хорошо захожу в экспертные рилсы.

Портфолио: https://t.me/workinonlybusiness

Могу сделать платный тестовый ролик, чтобы вы сразу увидели уровень. Куда удобнее прислать ТЗ?"
2026-07-18T19:27:32+00:00,https://t.me/dddwork,,AI креативный менеджер,140000 ₽,8,норм,https://t.me/dddwork/5042,видео + монтаж + вакансия,"AI креативный менеджер

Что делать:
– координировать работу команды, которая генерирует AI-креативы и занимается монтажом;
– проверять фото и видео на соответствие референсам и требованиям;
– давать понятную обратную связь и контролировать внесение правок;
– следить за качеством визуала, композицией, стилем и соответствием промптам;
– коммуницировать с менеджерами и исполнителями, контролировать сроки и результат;
– отбирать новых AI-креаторов, проводить онбординг и помогать им выйти на нужный уровень качества;
– при необходимости самостоятельно генерировать отдельные фото или видео и вносить небольшие правки.

Кого ищут:
– опыт работы с AI-инструментами для генерации фото и видео;
– желателен опыт работы с Higgsfield;
– понимание промптинга и влияния настроек на результат;
– хорошая визуальная насмотренность;
– внимание к деталям;
– умение давать структурированный фидбек и организовывать работу команды.

Условия:
– удалённая работа, full-time;
– возможность роста до продюсера направления;
– внутренний софт и шаблоны для генерации креативов;
– доступ к современным инструментам и базе успешных кейсов;
– з/п 100 000–140 000 ₽ в месяц; оплачиваемый испытательный срок — 1 месяц; бонусы за успешные кейсы.

Откликнуться: @antonkomarov01. Обязательно приложить топ-3 ваших AI-работ.

👤 Вакансия из канала «Работа в медиа»","Здравствуйте! Готов взять монтаж Reels/Shorts/TikTok.

Делаю динамичный монтаж, субтитры, акценты, темп и упаковку под удержание. Особенно хорошо захожу в экспертные рилсы.

Портфолио: https://t.me/workinonlybusiness

Могу сделать платный тестовый ролик, чтобы вы сразу увидели уровень. Куда удобнее прислать ТЗ?"
2026-07-18T19:27:32+00:00,https://t.me/distantsiya2,2025-05-05T14:06:14+00:00,Требуется #рилсмейкер,,8,норм,https://t.me/distantsiya2/1666,видео + монтаж + вакансия,"Требуется #рилсмейкер

Умеешь делать рилсы, от которых невозможно оторваться🫵🏻

Мы ищем рилсмейкера с прокачанными навыками монтажа и креативным мышлением. 
Нам нужен один ролик , где нужны крутые переходы, хуки и эффект ""вау"". 

Покажи нам свой стиль! Пиши в директ мне ✍🏽 
📝@lebedeva_valerosha","Здравствуйте! Готов взять монтаж Reels/Shorts/TikTok.

Делаю динамичный монтаж, субтитры, акценты, темп и упаковку под удержание. Особенно хорошо захожу в экспертные рилсы.

Портфолио: https://t.me/workinonlybusiness

Могу сделать платный тестовый ролик, чтобы вы сразу увидели уровень. Куда удобнее прислать ТЗ?"
2026-07-18T19:27:32+00:00,https://t.me/youtube_jobs,2021-11-11T23:30:35+00:00,YouTube-канал NN ищет Видеомонтажера (удалённо),,7,норм,https://t.me/youtube_jobs/71,видео + монтаж + вакансия,YouTube-канал NN ищет Видеомонтажера (удалённо),"Здравствуйте! Готов взять монтаж Reels/Shorts/TikTok.

Делаю динамичный монтаж, субтитры, акценты, темп и упаковку под удержание. Особенно хорошо захожу в экспертные рилсы.

Портфолио: https://t.me/workinonlybusiness

Могу сделать платный тестовый ролик, чтобы вы сразу увидели уровень. Куда удобнее прислать ТЗ?"
2026-07-18T19:27:32+00:00,https://t.me/marketing_jobs,2026-07-08T13:00:07+00:00,AI-креативный менеджер в AppMedia. Удаленка.,,5,слабый,https://t.me/marketing_jobs/11540,видео + монтаж + вакансия,"AI-креативный менеджер в AppMedia. Удаленка.

О НАС:
AppMedia — продуктовая компания, которая разрабатывает и развивает мобильное приложение для изучения иностранных языков. Наша цель — сделать изучение языков доступным, удобным и эффективным для пользователей по всему миру.

ЗАДАЧИ: 
• Координировать работу команды, которая генерирует AI-креативы и занимается монтажом.
• Проверять фото и видео на соответствие референсам и требованиям.
• Давать понятную обратную связь и контролировать внесение правок.
• Следить за качеством визуала, композицией, стилем и соответствием промптам.
• Коммуницировать с менеджерами и исполнителями, контролировать сроки и результат.
• Отбирать новых AI-креаторов, проводить онбординг и помогать им выйти на нужный уровень качества.
• При необходимости самостоятельно генерировать отдельные фото или видео и вносить небольшие правки.

ТРЕБОВАНИЯ: 
• Опыт работы с AI-инструментами для генерации фото и видео.
• Желателен опыт работы с Higgsfield.
• Понимание промптинга и влияния настроек на результат.
• Хорошая визуальная насмотренность.
• Внимание к деталям.
• Умение давать структурированный фидбек и организовывать работу команды.

УСЛОВИЯ: 
• Удалённая работа, full-time.
• Возможность роста до продюсера направления.
• Внутренний софт и шаблоны для генерации креативов.
• Доступ к современным инструментам и базе успешных кейсов.

КОНТАКТЫ: 
t.me/antonkomarov01

🎯 Подписывайтесь на Marketing jobs в Telegram | в MAX
⚠️ Канал не участвует в найме. Откликаясь на вакансию, вы соглашаетесь с правилами использования канала","Здравствуйте! Готов взять монтаж Reels/Shorts/TikTok.

Делаю динамичный монтаж, субтитры, акценты, темп и упаковку под удержание. Особенно хорошо захожу в экспертные рилсы.

Портфолио: https://t.me/workinonlybusiness

Могу сделать платный тестовый ролик, чтобы вы сразу увидели уровень. Куда удобнее прислать ТЗ?"
2026-07-19T10:35:59+00:00,https://t.me/Panteon_WORK,2026-07-19T08:35:08+00:00,#Вакансия #ᴘᴀɴᴛᴇᴏɴ,$15,17,горячий,https://t.me/Panteon_WORK/3632,видео + монтаж + вакансия,"#Вакансия #ᴘᴀɴᴛᴇᴏɴ 
Ищу монтажера Reels для долгосрочного сотрудничества.

Что нужно:
 монтаж 15–30 роликов в месяц;
 работа по подробному ТЗ и референсам;
 оплата — $15 за каждый ролик.

Ищу человека, который понимает динамику бизнес-контента, умеет работать в разных стилях и внимательно относится к деталям.

Перед началом сотрудничества будет одно оплачиваемое тестовое задание.

Если вам интересно, напишите мне и сразу ответьте на несколько вопросов:

Пришлите 3–5 своих лучших работ.
Был ли у вас опыт монтажа для бизнеса (клиники, сервисы, локальные компании и т.д.)? Если да — расскажите коротко.
Что для вас означает работа по ТЗ? Как вы работаете с импровизацией в материале?

Если ваш опыт подойдет, я отправлю оплачиваемое тестовое задание и расскажу детали сотрудничества.

@dashatanya","Здравствуйте! Готов взять монтаж Reels/Shorts/TikTok.

Делаю динамичный монтаж, субтитры, акценты, темп и упаковку под удержание. Особенно хорошо захожу в экспертные рилсы.

Портфолио: https://t.me/workinonlybusiness

Могу сделать платный тестовый ролик, чтобы вы сразу увидели уровень. Куда удобнее прислать ТЗ?"
2026-07-19T10:35:59+00:00,https://t.me/editors_video,2026-07-19T08:35:07+00:00,Ищу монтажера Reels для долгосрочного сотрудничества.,$15,16,горячий,https://t.me/editors_video/901,видео + монтаж + вакансия,"Ищу монтажера Reels для долгосрочного сотрудничества.

Что нужно:
• монтаж 15–30 роликов в месяц;
• работа по подробному ТЗ и референсам;
• оплата — $15 за каждый ролик.

Ищу человека, который понимает динамику бизнес-контента, умеет работать в разных стилях и внимательно относится к деталям.

Перед началом сотрудничества будет одно оплачиваемое тестовое задание.

Если вам интересно, напишите мне и сразу ответьте на несколько вопросов:

Пришлите 3–5 своих лучших работ.
Был ли у вас опыт монтажа для бизнеса (клиники, сервисы, локальные компании и т.д.)? Если да — расскажите коротко.
Что для вас означает работа по ТЗ? Как вы работаете с импровизацией в материале?

Если ваш опыт подойдет, я отправлю оплачиваемое тестовое задание и расскажу детали сотрудничества.

@dashatanya","Здравствуйте! Готов взять монтаж Reels/Shorts/TikTok.

Делаю динамичный монтаж, субтитры, акценты, темп и упаковку под удержание. Особенно хорошо захожу в экспертные рилсы.

Портфолио: https://t.me/workinonlybusiness

Могу сделать платный тестовый ролик, чтобы вы сразу увидели уровень. Куда удобнее прислать ТЗ?"
2026-07-19T10:35:59+00:00,https://t.me/Panteon_WORK,2026-07-19T09:56:14+00:00,#Вакансия #ᴘᴀɴᴛᴇᴏɴ,1500 ₽,13,горячий,https://t.me/Panteon_WORK/3633,видео + монтаж + вакансия,"#Вакансия #ᴘᴀɴᴛᴇᴏɴ 
НУЖЕН МОНТАЖЕР ВИДЕО НА ЮТУБ

1000-1500р/минута, большой проект на долгосрок

БЕЗ супер графики и жесткого моушена

Мне нужны уместные вставки (картинки видео) футажи, зумы,красивый текст и динамика сохраняющаяся на длину всего ролика

примерные рефы:

Алекса Хормози

https://m.youtube.com/watch?v=sL16tsGafcQ&ra=m

Biomachine

https://www.youtube.com/watch?v=CYPXTGW3Ulg

Али Абдал, тоже можно как реф рассмотреть

https://youtu.be/CFBEih785-I?si=NhK02Kp5LSRkTNRq

Но стилистически не все у него нравится, шрифты не очень

ПИСАТЬ В ЛС СРАЗУ С ПОРТФОЛИО @KKROVO

Автор: @kkrovo","Здравствуйте! Готов взять монтаж Reels/Shorts/TikTok.

Делаю динамичный монтаж, субтитры, акценты, темп и упаковку под удержание. Особенно хорошо захожу в экспертные рилсы.

Портфолио: https://t.me/workinonlybusiness

Могу сделать платный тестовый ролик, чтобы вы сразу увидели уровень. Куда удобнее прислать ТЗ?"
2026-07-19T13:20:35+00:00,https://t.me/Panteon_WORK,2026-07-19T11:26:12+00:00,#Вакансия #ᴘᴀɴᴛᴇᴏɴ,30000 ₽,11,норм,https://t.me/Panteon_WORK/3634,видео + монтаж + вакансия,"#Вакансия #ᴘᴀɴᴛᴇᴏɴ 
Ищем монтажера вертикальных видео 

Формат: экспертные рилс (говорящая голова), простой монтаж (нарезка, цветокор, субтитры, вставки со стоков)

60 видео в месяц
30 000 руб.

Отклики и портфолио отправляйте в личные сообщения @nelekkkkk","Здравствуйте! Готов взять монтаж Reels/Shorts/TikTok.

Делаю динамичный монтаж, субтитры, акценты, темп и упаковку под удержание. Особенно хорошо захожу в экспертные рилсы.

Портфолио: https://t.me/workinonlybusiness

Могу сделать платный тестовый ролик, чтобы вы сразу увидели уровень. Куда удобнее прислать ТЗ?"
2026-07-19T13:20:35+00:00,https://t.me/editors_video,2026-07-19T12:06:43+00:00,"🎬 Студия «Замескино» ищет AI-креатора / режиссёра монтажа (удалённо, сдельно)",200000 ₽,9,норм,https://t.me/editors_video/902,видео + монтаж + вакансия,"🎬 Студия «Замескино» ищет AI-креатора / режиссёра монтажа (удалённо, сдельно)

Делаем эмоциональные видео премиального качества с помощью нейросетей. Среди клиентов — Sminex, SPAR, «Паритет», «Трест».

Нужен человек, который ведёт ролик под ключ: концепция → генерация и оживление картинки (Kling/Runway/Midjourney/Seedance) → монтаж (Premiere/DaVinci + AE + PS) → сдача.

💰 120 000–200 000 ₽/мес при полной загрузке, оплата за ролик, быстрые выплаты, свободный график.

Наши работы: vkvideo.ru/@zameskinostudio

✍️ Отклик в Telegram: @malab_kld — начните со слов «Мне нравится идея, хочу пообщаться» + 3 лучшие работы (обязательно ролик с нейрогенерацией): задача, роль, инструменты, результат.","Здравствуйте! Готов взять монтаж Reels/Shorts/TikTok.

Делаю динамичный монтаж, субтитры, акценты, темп и упаковку под удержание. Особенно хорошо захожу в экспертные рилсы.

Портфолио: https://t.me/workinonlybusiness

Могу сделать платный тестовый ролик, чтобы вы сразу увидели уровень. Куда удобнее прислать ТЗ?"
2026-07-19T15:59:01+00:00,https://t.me/Panteon_WORK,2026-07-19T14:11:41+00:00,#Вакансия #ᴘᴀɴᴛᴇᴏɴ,,6,слабый,https://t.me/Panteon_WORK/3635,видео + монтаж + вакансия,"#Вакансия #ᴘᴀɴᴛᴇᴏɴ 
Ищу монтажера

нужно монтировать видео: Говорящая голова
Ниша: Гражданство Румынии
Кейсы - обязательно! 

Пишите в лс сразу с реальными кейсами и прайсом!

Автор: @taymurazz","Здравствуйте! Готов взять монтаж Reels/Shorts/TikTok.

Делаю динамичный монтаж, субтитры, акценты, темп и упаковку под удержание. Особенно хорошо захожу в экспертные рилсы.

Портфолио: https://t.me/workinonlybusiness

Могу сделать платный тестовый ролик, чтобы вы сразу увидели уровень. Куда удобнее прислать ТЗ?"
2026-07-19T19:08:35+00:00,https://t.me/Koteyka_Freelancer,2026-07-19T17:59:02+00:00,-#вакансия #требуется #ищу #монтажер,2000 ₽,16,горячий,https://t.me/Koteyka_Freelancer/7737,видео + монтаж + вакансия,"-#вакансия #требуется #ищу #монтажер 

Ищу креативного видеомонтажёра для регулярной работы с короткими вертикальными роликами для экспертов и бизнеса

Нужен человек:
— технически опытный
— насмотренный  
— соблюдающий дедлайны 
— креативный

Оплата от 1 200 до 2 000 рублей за видео, в зависимости от сложности монтажа.

Перед началом работы нужно выполнить короткий тестовый фрагмент до 15 секунд

Буду оценивать как ты умеешь работать с текстом, вставками и материалами 

При отклике
— Пришлите пару работ из портфолио

@kotikovstudio","Здравствуйте! Готов взять монтаж Reels/Shorts/TikTok.

Делаю динамичный монтаж, субтитры, акценты, темп и упаковку под удержание. Особенно хорошо захожу в экспертные рилсы.

Портфолио: https://t.me/workinonlybusiness

Могу сделать платный тестовый ролик, чтобы вы сразу увидели уровень. Куда удобнее прислать ТЗ?"
2026-07-20T11:46:35+00:00,https://t.me/editors_video,2026-07-20T09:30:14+00:00,Ищем видеомонтажёра (горизонтальный контент),,13,горячий,https://t.me/editors_video/903,видео + монтаж + вакансия,"Ищем видеомонтажёра (горизонтальный контент)

Ищем монтажёра для регулярной работы. Объём — 30+ роликов в месяц.

Формат видео:
 • Горизонтальные ролики
 • Длительность: 5-35 минут

Что даём на вход:
 • ТЗ
 • Пак материалов: видео, аудиодорожки

Задачи:
 • Динамичный монтаж

Условия:
 • Постоянный объём заказов
 • Долгосрочное сотрудничество
 • Готовность приступить к тестовому заданию

Поиск остановлен","Здравствуйте! Готов взять монтаж Reels/Shorts/TikTok.

Делаю динамичный монтаж, субтитры, акценты, темп и упаковку под удержание. Особенно хорошо захожу в экспертные рилсы.

Портфолио: https://t.me/workinonlybusiness

Могу сделать платный тестовый ролик, чтобы вы сразу увидели уровень. Куда удобнее прислать ТЗ?"
2026-07-20T11:46:35+00:00,https://t.me/freelancce,2026-07-20T10:00:02+00:00,🔥 СПЕЦИАЛИСТ ПО РЕКЛАМЕ В СОЦ СЕТЯХ🔥,40000 ₽; 55000 ₽,8,норм,https://t.me/freelancce/15440,видео + монтаж + вакансия,"🔥 СПЕЦИАЛИСТ ПО РЕКЛАМЕ В СОЦ СЕТЯХ🔥

Мы команда специализирующаяся на поиске товаров-хитов и их продвижении через социальные сети. Мы находим продукты с высоким потенциалом, создаем под них цепляющий контент и масштабируем продажи с помощью органического и платного трафика.

🚀 Опыт не обязателен — мы обучаем. Важнее — системность, ответственность и желание расти.

📌 Ключевые обязанности:
— Разработка и запуск рекламных кампаний в соц сетях;
— Еженедельный анализ эффективности рекламных кампаний (оценка CPC, CTR, CR, ROMI);
— Подготовка отчетов по показателям рекламных кампаний;
— Тестирование новых гипотез и подходов для улучшения показателей;
— Взаимодействие с дизайнерами и копирайтерами для создания креативов.

✅ Требования:
— Базовое понимание, что такое реклама и как работают соц сети;
— Уверенное владение компьютером и интернет-сервисами (Google Таблицы, работа с файлами, мессенджеры);
— Готовность учиться: ежедневно осваивать новые инструменты и применять их на практике;
— Внимательность к деталям и способность работать с большим объемом информации.

Будет вашим преимуществом (но не обязательно):
— Опыт настройки и запуска рекламы;
— Навык монтажа видео в CapCut или аналогичных программах.

💰 Мы предлагаем:
— Полностью удаленный формат с гибким графиком;
— Оплачиваемая стажировка (40 000 ₽);
— После стажировки — оклад от 55 000 ₽ + премии за выполнение KPI (процент от прибыли с товаров);
— Полное бесплатное обучение с нуля под руководством опытного наставника.

🎯 Почему стоит присоединиться к нам прямо сейчас?
Представь: ты находишь товар, запускаешь рекламу и через несколько дней видишь, как растут продажи. Ты не просто выполняешь задачи — ты создаешь результат, который виден в цифрах.

Мы даем не просто работу, а востребованную профессию. Ты научишься:
— Находить тренды раньше других;
— Создавать контент, который ""залетает"" в рекомендации;
— Зарабатывать не фиксированную ставку, а столько, сколько приносят твои идеи.
Если ты готов учиться, пробовать и расти — мы ждем твоего отклика!

📩 Пишите: @vladimercy","Здравствуйте! Готов взять монтаж Reels/Shorts/TikTok.

Делаю динамичный монтаж, субтитры, акценты, темп и упаковку под удержание. Особенно хорошо захожу в экспертные рилсы.

Портфолио: https://t.me/workinonlybusiness

Могу сделать платный тестовый ролик, чтобы вы сразу увидели уровень. Куда удобнее прислать ТЗ?"
2026-07-20T11:46:35+00:00,https://t.me/udafrii,2026-07-20T10:00:02+00:00,🔥 СПЕЦИАЛИСТ ПО РЕКЛАМЕ В СОЦ СЕТЯХ🔥,40000 ₽; 55000 ₽,8,норм,https://t.me/udafrii/14970,видео + монтаж + вакансия,"🔥 СПЕЦИАЛИСТ ПО РЕКЛАМЕ В СОЦ СЕТЯХ🔥

Мы команда специализирующаяся на поиске товаров-хитов и их продвижении через социальные сети. Мы находим продукты с высоким потенциалом, создаем под них цепляющий контент и масштабируем продажи с помощью органического и платного трафика.

🚀 Опыт не обязателен — мы обучаем. Важнее — системность, ответственность и желание расти.

📌 Ключевые обязанности:
— Разработка и запуск рекламных кампаний в соц сетях;
— Еженедельный анализ эффективности рекламных кампаний (оценка CPC, CTR, CR, ROMI);
— Подготовка отчетов по показателям рекламных кампаний;
— Тестирование новых гипотез и подходов для улучшения показателей;
— Взаимодействие с дизайнерами и копирайтерами для создания креативов.

✅ Требования:
— Базовое понимание, что такое реклама и как работают соц сети;
— Уверенное владение компьютером и интернет-сервисами (Google Таблицы, работа с файлами, мессенджеры);
— Готовность учиться: ежедневно осваивать новые инструменты и применять их на практике;
— Внимательность к деталям и способность работать с большим объемом информации.

Будет вашим преимуществом (но не обязательно):
— Опыт настройки и запуска рекламы;
— Навык монтажа видео в CapCut или аналогичных программах.

💰 Мы предлагаем:
— Полностью удаленный формат с гибким графиком;
— Оплачиваемая стажировка (40 000 ₽);
— После стажировки — оклад от 55 000 ₽ + премии за выполнение KPI (процент от прибыли с товаров);
— Полное бесплатное обучение с нуля под руководством опытного наставника.

🎯 Почему стоит присоединиться к нам прямо сейчас?
Представь: ты находишь товар, запускаешь рекламу и через несколько дней видишь, как растут продажи. Ты не просто выполняешь задачи — ты создаешь результат, который виден в цифрах.

Мы даем не просто работу, а востребованную профессию. Ты научишься:
— Находить тренды раньше других;
— Создавать контент, который ""залетает"" в рекомендации;
— Зарабатывать не фиксированную ставку, а столько, сколько приносят твои идеи.
Если ты готов учиться, пробовать и расти — мы ждем твоего отклика!

📩 Пишите: @vladimercy","Здравствуйте! Готов взять монтаж Reels/Shorts/TikTok.

Делаю динамичный монтаж, субтитры, акценты, темп и упаковку под удержание. Особенно хорошо захожу в экспертные рилсы.

Портфолио: https://t.me/workinonlybusiness

Могу сделать платный тестовый ролик, чтобы вы сразу увидели уровень. Куда удобнее прислать ТЗ?"
2026-07-20T14:09:15+00:00,https://t.me/freelancce,2026-07-20T13:00:02+00:00,​#ищу #монтажер #видеомонтаж #reels #shorts,,27,горячий,https://t.me/freelancce/15442,видео + монтаж + вакансия,"​#ищу #монтажер #видеомонтаж #reels #shorts

Монтажёр коротких видео (Instagram / Reels / TikTok)

Задачи:
— Смонтировать серию из 20 видео на старте (далее масштабирование до 30 / 60 / 90)
— Формат: короткие видео 30–90 секунд
— Презентационное видео проекта (1–1.5 минуты)
— Серия прогревочных видео (контент на 7 дней)
— Делать динамичный монтаж: удержание, ритм, акценты
— Добавлять субтитры, визуальные вставки, мемы (по смыслу)

Требования:
— Есть опыт работы с короткими видео (Reels / TikTok / Shorts)
— Понимаешь, как удерживать внимание с первых секунд
— Даю направление и ключевые смыслы
— От тебя: идеи, структура и видение, как это превратить в сильный ролик
— Важно: ты не просто монтируешь, а участвуешь в создании контента

Условия:
— Удалённая работа
— Гибкий формат (по задачам / пакетам видео)
— Работа в долгую (если сходимся — объём растёт)
— Оплата обсуждается (за видео / пакет)

Отклик:
Напиши в личку:

1. 3–5 примеров коротких видео
2. Ответ: как бы ты начал видео на тему «ИИ меняет рынок и многие уже опаздывают» (первые 5–10 секунд)

Контакт: @diVasilieva_Oladushek","Здравствуйте! Готов взять монтаж Reels/Shorts/TikTok.

Делаю динамичный монтаж, субтитры, акценты, темп и упаковку под удержание. Особенно хорошо захожу в экспертные рилсы.

Портфолио: https://t.me/workinonlybusiness

Могу сделать платный тестовый ролик, чтобы вы сразу увидели уровень. Куда удобнее прислать ТЗ?"
