username,url,title,type,relevance,last_activity,evidence_url,notes
reelsexpertreels,https://t.me/reelsexpertreels,REELS ЭКСПЕРТ | Ищу монтаж,channel,reels,2026-07-21,https://t.me/s/reelsexpertreels,Свежие вакансии для видеомонтажеров и Reels-мейкеров.
montage_search,https://t.me/montage_search,Ищу Монтажер | Вакансии | Работа,channel,montage,2026-07-22,https://t.me/s/montage_search?q=%23Shorts,Агрегирует заказы по монтажу Reels Shorts YouTube.
GetClient,https://t.me/GetClient,GetClient | Фриланс вакансии,channel,general_freelance,2026-07-22,https://t.me/s/GetClient/6614?q=%23Reels,Фриланс-вакансии; встречаются свежие задачи по Reels и видеоконтенту.
vacancysmm,https://t.me/vacancysmm,SMM работа вакансии фриланс,channel,general_freelance,2026-07-21,https://t.me/s/vacancysmm,Есть свежие задачи по AI-креативам видео Reels и монтажу.
vacantcist,https://t.me/vacantcist,чатик вакансий,channel,montage,2026-07-22,https://t.me/s/vacantcist?q=%23cist%D0%BC%D0%BE%D0%BD%D1%82%D0%B0%D0%B6%D0%B5%D1%80,Свежие вакансии монтажеров Reels и YouTube.
searcheditorr,https://t.me/searcheditorr,Видеомонтаж | фриланс заказы,channel,montage,2026-07-22,https://t.me/s/SearchEditorr?before=1814,Профильный канал по видеомонтажу моушн-дизайну и Reels-заказам.
motionhunter,https://t.me/motionhunter,Motion designer hunter,channel,motion,2026-07-21,https://t.me/s/motionhunter,Профильные вакансии motion CG VFX и видеомонтажа.
video_editing_jobs,https://t.me/video_editing_jobs,video editing jobs,channel,montage,2026-07-21,https://t.me/s/video_editing_jobs,Свежие англоязычные вакансии Video Editor Shorts и AI video editing.
graphicsdesignjob,https://t.me/graphicsdesignjob,Graphics Designer Jobs,channel,montage,2026-07-22,https://t.me/s/graphicsdesignjob,Публикует свежие вакансии Video Editor из YT Jobs.
xcareers,https://t.me/xcareers,xCareers Digital Jobs,channel,montage,2026-07-20,https://telegram.me/s/xcareers?q=%23remote,Digital jobs; есть свежие remote video editor вакансии.
Maroset,https://t.me/Maroset,Maroset,channel,montage,2026-07-21,https://t.me/s/maroset?before=2324,Публикует вакансии Video Editors и Short-Form Editors.
indianmediajobs,https://t.me/indianmediajobs,Indian Media Jobs,channel,montage,2026-07-21,https://t.me/s/indianmediajobs?before=6755,Медиа-вакансии; есть свежие remote freelance video editor jobs.
CreativePortalJobs,https://t.me/CreativePortalJobs,Creative Portal Jobs,channel,montage,2026-07-22,https://t.me/s/CreativePortalJobs,Свежая вакансия Professional Video Editor remote.
freelancetaverna,https://t.me/freelancetaverna,Фриланс Таверна Official | Вакансии Удаленная работа,channel,general_freelance,2026-07-22,https://t.me/s/freelancetaverna/2557,Регулярные удаленные заказы; есть вакансии монтажера Reels TikTok Shorts.
freejobs5,https://t.me/freejobs5,هنوظفك,channel,montage,2026-07-08,https://t.me/s/freejobs5,Есть свежие remote video editor вакансии для Reels TikTok Shorts.
designwork_vacansii,https://t.me/designwork_vacansii,ВАКАНСИИ ДЛЯ ДИЗАЙНЕРА | РАБОТА,channel,motion,2026-07-01,https://search-t.me/channel/designwork_vacansii,Дизайн-вакансии; свежие motion/AI video вакансии.
zakaz_design,https://t.me/zakaz_design,ЗАКАЗЫ НА ДИЗАЙН | ДИЗАЙНЕРЫ | ВАКАНСИИ,channel,motion,2026-07-06,https://search-t.me/channel/zakaz_design,Есть свежие заказы для 2D Motion Designer и motion/AI video.
freeworkfeed,https://t.me/freeworkfeed,FreeWorkFeed - Фриланс удаленная работа,channel,motion,2026-06-07,https://search-t.me/channel/freeworkfeed,Свежие freelance-заказы; есть 3D Motion Designer.
workk_on,https://t.me/workk_on,WORK ON,channel,reels,2026-07-16,https://t.me/s/workk_on?after=17119,Регулярные проектные вакансии; есть монтажер Reels и ассистент видеомонтажа.
smmlancer,https://t.me/smmlancer,SMMLANCER - работа в соц.сетях,channel,reels,2026-07-22,https://t.me/s/smmlancer/6725?q=%23reels,Свежие SMM-заказы; регулярно встречаются Reels и видеомонтаж.
mskeventjob,https://t.me/mskeventjob,Event hunter - творческая работа Москва,channel,reels,2026-06-01,https://t.me/s/mskeventjob?q=%23%D0%BC%D0%BE%D0%BD%D1%82%D0%B0%D0%B6%D0%B5%D1%80_reels,Творческие вакансии; есть свежие задачи монтажера Reels.
adbranch_job,https://t.me/adbranch_job,Вакансии в медиа от AdBranch,channel,reels,2026-04-01,https://t.me/adbranch_job/1095,Fresh public post found for reels
bazuwork,https://t.me/bazuwork,Базу збирає вакансії,channel,reels,2026-06-05,https://t.me/bazuwork/1276,Fresh public post found for reels
comeindesign,https://t.me/comeindesign,"Леночка, войдите! Дизайн вакансии",channel,montage,2026-05-19,https://t.me/comeindesign/1362,Fresh public post found for tiktok
copy_digital,https://t.me/copy_digital,"Копирайтер, редактор - вакансии",channel,reels,2026-04-03,https://t.me/s/copy_digital?q=reels,Fresh public post found for reels
copy_go,https://t.me/copy_go,"Копирайтинг 2.0 | Вакансии, работа",channel,reels,2026-04-03,https://t.me/copy_go/7232,Fresh public post found for reels
cult_media,https://t.me/cult_media,культ✨медиа,channel,reels,2026-04-23,https://t.me/cult_media/3567,Fresh public post found for reels
design_jobs_uxui,https://t.me/design_jobs_uxui,Вакансии для Дизайнеров,channel,reels,2026-04-03,https://t.me/design_jobs_uxui/1106,Fresh public post found for reels
design_vacancy,https://t.me/design_vacancy,Вакансии для дизайнеров,channel,reels,2026-04-14,https://t.me/design_vacancy/2964,Fresh public post found for reels
designer_vacancies,https://t.me/designer_vacancies,Вакансии для дизайнеров,channel,reels,2026-04-21,https://t.me/designer_vacancies/3698,Fresh public post found for reels
designhub_jobs,https://t.me/designhub_jobs,Design Hub | Дизайн вакансии,channel,reels,2026-03-25,https://t.me/s/designhub_jobs?q=reels,Fresh public post found for reels
designhunters,https://t.me/designhunters,Design Hunters,channel,reels,2026-06-05,https://t.me/designhunters/7057,Fresh public post found for reels
designizer,https://t.me/designizer,Вакансии для дизайнеров,channel,reels,2026-05-09,https://t.me/designizer/4524,Fresh public post found for reels
designkziskra,https://t.me/designkziskra,Дизайн вакансии | Казахстан | Iskra Station,channel,reels,2026-05-21,https://t.me/designkziskra/2470,Fresh public post found for reels
designodromo,https://t.me/designodromo,"Дизайнодром: иллюстратор, дизайнер, моушн-дизайнер, художник",channel,reels,2026-07-08,https://t.me/designodromo/6860,Fresh public post found for reels
designs_job,https://t.me/designs_job,Уголок дизайнера | Вакансии,channel,youtube,2026-04-13,https://t.me/s/designs_job?q=youtube,Fresh public post found for youtube
designs_squad,https://t.me/designs_squad,Designs squad | Дизайн вакансии,channel,reels,2026-06-22,https://t.me/s/designs_squad?q=reels,Fresh public post found for reels
digital_jobster,https://t.me/digital_jobster,Джобстер Digital | Маркетинг | Вакансии и резюме,channel,reels,2026-06-09,https://t.me/digital_jobster/5890,Fresh public post found for reels
dsgn_vacancies,https://t.me/dsgn_vacancies,Заказы для дизайнеров | Вакансии,channel,reels,2026-03-31,https://t.me/dsgn_vacancies/5659,Fresh public post found for reels
dsgnworkers,https://t.me/dsgnworkers,Дизайн работа,channel,reels,2026-05-17,https://t.me/dsgnworkers/3558,Fresh public post found for reels
effoyjobs,https://t.me/effoyjobs,EffoyJobs - Effoysira.com,channel,montage,2026-03-27,https://t.me/effoyjobs/12150,Fresh public post found for shorts
ethiojobsofficial,https://t.me/ethiojobsofficial,Ethiojobs,channel,reels,2026-04-30,https://t.me/ethiojobsofficial/8302,Fresh public post found for reels
evacuatejobs,https://t.me/evacuatejobs,"Remocate: релокация, удалёнка, работа и вакансии",channel,motion,2026-06-24,https://t.me/evacuatejobs/6134,Fresh public post found for motion designer
forallmarketing,https://t.me/forallmarketing,Job for Marketing,channel,montage,2026-04-16,https://t.me/forallmarketing/8393,Fresh public post found for shorts
forallmedia,https://t.me/forallmedia,Job for Media & Content,channel,reels,2026-07-10,https://t.me/forallmedia/4130,Fresh public post found for reels
fordesigner,https://t.me/fordesigner,Job for Designers,channel,montage,2026-04-16,https://t.me/fordesigner/5919,Fresh public post found for video editor
freelance_ethio,https://t.me/freelance_ethio,Afriwork (Freelance Ethiopia),channel,reels,2026-04-08,https://t.me/freelance_ethio/95314,Fresh public post found for reels
freelanceeboom,https://t.me/freelanceeboom,Копирайтер на фрилансе? Заходи!,channel,reels,2026-04-03,https://t.me/freelanceeboom/3445,Fresh public post found for reels
freelansta,https://t.me/freelansta,"ФРИЛАНСТА • вакансии для копирайтеров, журналистов, редакторов",channel,reels,2026-05-12,https://t.me/freelansta/939,Fresh public post found for reels
frilans,https://t.me/frilans,Фриланс | Удаленная работа,channel,reels,2026-07-02,https://t.me/frilans/988,Fresh public post found for reels
frilans_na_legke,https://t.me/frilans_na_legke,ФРИЛАНС НАЛЕГКЕ,channel,reels,2026-04-24,https://t.me/frilans_na_legke/5725,Fresh public post found for reels
frilanser_vacansii,https://t.me/frilanser_vacansii,ФРИЛАНСЕР удаленная работа и вакансии,channel,reels,2026-07-12,https://t.me/frilanser_vacansii/16608,Fresh public post found for reels
frwork3,https://t.me/frwork3,"Фриланс, удаленная работа, вакансии",channel,reels,2026-04-24,https://t.me/s/frwork3?q=reels,Fresh public post found for reels
godnayarabota,https://t.me/godnayarabota,годная работа,channel,reels,2026-07-14,https://t.me/godnayarabota/544,Fresh public post found for reels
harmeejobs,https://t.me/harmeejobs,Harmeejobs.com,channel,montage,2026-05-25,https://t.me/harmeejobs/10885,Fresh public post found for video editor
ingamejob_marketing,https://t.me/ingamejob_marketing,Jobs: Marketing and PR | InGameJob.com,channel,montage,2026-06-26,https://t.me/ingamejob_marketing/4049,Fresh public post found for video editor
job_design,https://t.me/job_design,РАБОТА. ДИЗАЙН ИНТЕРЬЕРА,channel,reels,2026-05-08,https://t.me/job_design/2527,Fresh public post found for reels
jobaem,https://t.me/jobaem,Jobaem | Заказы дизайнерам,channel,reels,2026-04-08,https://t.me/jobaem/1690,Fresh public post found for reels
jobforpr,https://t.me/jobforpr,Job for PR и SMM,channel,montage,2026-04-02,https://t.me/jobforpr/3860,Fresh public post found for tiktok
jobfortarget,https://t.me/jobfortarget,Вакансии для Таргетологов,channel,youtube,2026-05-07,https://t.me/jobfortarget/6657,Fresh public post found for youtube
jobs_for_us,https://t.me/jobs_for_us,🎖🏵Jobs4us|وظائف لنا🏵🎖,channel,reels,2026-04-20,https://t.me/jobs_for_us/76462,Fresh public post found for reels
jobsbelarus,https://t.me/jobsbelarus,Работа Минск / Подработка Минск / Вакансии Минск,channel,youtube,2026-05-14,https://t.me/s/jobsbelarus?q=youtube,Fresh public post found for youtube
jobsforsmm,https://t.me/jobsforsmm,smm вакансії|сошиал медіа маркетинг,channel,reels,2026-04-01,https://t.me/jobsforsmm/2788,Fresh public post found for reels
jobstargetm,https://t.me/jobstargetm,Jobs Target,channel,shorts,2026-04-15,https://t.me/s/jobstargetm?q=shorts,Fresh public post found for shorts
jobsua22,https://t.me/jobsua22,📣 Робота | Вакансії 🇺🇦,channel,reels,2026-04-01,https://t.me/jobsua22/8991,Fresh public post found for reels
junior_designers,https://t.me/junior_designers,Джун Дизайнер - вакансии,channel,shorts,2026-03-28,https://t.me/junior_designers/1188,Fresh public post found for shorts
juno_jobs,https://t.me/juno_jobs,junojobs → стажировки в IT,channel,motion,2026-06-01,https://t.me/juno_jobs/2244,Fresh public post found for motion designer
kzfreelance,https://t.me/kzfreelance,HELLO HR ВАКАНСИЯ КАНАЛЫ,channel,reels,2026-04-27,https://t.me/kzfreelance/10272,Fresh public post found for reels
marketing_rabota,https://t.me/marketing_rabota,marketing jobs - вакансии для маркетологов,channel,reels,2026-04-20,https://t.me/marketing_rabota/1385,Fresh public post found for reels
media_vakansii,https://t.me/media_vakansii,Работа в Диджитал и Медиа,channel,reels,2026-03-26,https://t.me/media_vakansii/914,Fresh public post found for reels
mediajobs_ru,https://t.me/mediajobs_ru,mediajobs | вакансии,channel,reels,2026-04-17,https://t.me/mediajobs_ru/6053,Fresh public post found for reels
moscowjobforyou,https://t.me/moscowjobforyou,"Москва: работа, вакансии, удаленка",channel,reels,2026-04-20,https://t.me/s/moscowjobforyou?q=reels,Fresh public post found for reels
nimb_job,https://t.me/nimb_job,РАБОТА МОНТАЖЁР | ОПЕРАТОР | СЦЕНАРИСТ | ФРИЛАНС,channel,reels,2026-04-11,https://t.me/nimb_job/1149,Fresh public post found for reels
normremote,https://t.me/normremote,Норм удалёнка,channel,reels,2026-04-15,https://t.me/normremote/1654,Fresh public post found for reels
polyaluzjob,https://t.me/polyaluzjob,ФРИЛАНСИКИ,channel,reels,2026-04-21,https://t.me/polyaluzjob/20018,Fresh public post found for reels
producer_news,https://t.me/producer_news,Будни продюсера,channel,shorts,2026-04-22,https://t.me/producer_news/1092,Fresh public post found for shorts
proffreelancee,https://t.me/proffreelancee,НАСТОЯЩИЙ ФРИЛАНС | Удаленная Работа,channel,reels,2026-06-13,https://t.me/proffreelancee/7611,Fresh public post found for reels
rabota_360,https://t.me/rabota_360,БИРЖА ТРУДА | вакансии резюме - удаленная работа,channel,reels,2026-03-26,https://t.me/rabota_360/10541,Fresh public post found for reels
rabota_5g,https://t.me/rabota_5g,Казахстан на удалёнке,channel,shorts,2026-03-27,https://t.me/rabota_5g/3673,Fresh public post found for shorts
rabota_emik,https://t.me/rabota_emik,"Вакансии, таргет, закуп рекламы, работа | vacancy, influence marketing job, developers",channel,reels,2026-05-20,https://t.me/rabota_emik/4288,Fresh public post found for reels
rabota_freelancee,https://t.me/rabota_freelancee,"Удаленка. Вакансии и резюме Маркетинг, SMM, Digital - все для онлайна",channel,reels,2026-05-12,https://t.me/rabota_freelancee/3754,Fresh public post found for reels
razoomjobs,https://t.me/razoomjobs,"RazoomJobs | Вакансии – EdTech, International",channel,reels,2026-06-15,https://t.me/razoomjobs/11027,Fresh public post found for reels
remotegeekjob,https://t.me/remotegeekjob,RemoteGeekjob,channel,reels,2026-07-10,https://t.me/remotegeekjob/40846,Fresh public post found for reels
remotejobshg,https://t.me/remotejobshg,Remote Crypto Jobs,channel,reels,2026-04-25,https://t.me/remotejobshg/895,Fresh public post found for reels
remotejun,https://t.me/remotejun,Remote Junior (INFLOW),channel,montage,2026-03-25,https://t.me/remotejun/4944,Fresh public post found for tiktok
rueventjob,https://t.me/rueventjob,Удаленка - вся творческая работа,channel,reels,2026-06-04,https://t.me/rueventjob/17663,Fresh public post found for reels
saudijobs24,https://t.me/saudijobs24,وظائف السعودية 24 🇸🇦,channel,montage,2026-04-02,https://t.me/saudijobs24/91094,Fresh public post found for video editor
smm_leads,https://t.me/smm_leads,SMM LEADS,channel,reels,2026-05-07,https://t.me/smm_leads/4496,Fresh public post found for reels
smm_top_vacancy,https://t.me/smm_top_vacancy,SMM Фриланс Ai нейро вакансии работа от 80к,channel,reels,2026-07-08,https://t.me/smm_top_vacancy/1073,Fresh public post found for reels
smmqazqroups,https://t.me/smmqazqroups,Вакансии SMM • Digital • Маркетинг Вакансии Казахстан,channel,reels,2026-06-04,https://t.me/smmqazqroups/1986,Fresh public post found for reels
sound_jobs,https://t.me/sound_jobs,"SNEEERS l Работа в звуке l Вакансии для саунд-дизайнеров, звукорежиссёр, озвучка и другие вакансии в сфере.",channel,youtube,2026-04-13,https://t.me/sound_jobs/591,Fresh public post found for youtube
sova_freelance,https://t.me/sova_freelance,СОВА на ФРИЛАНСЕ 🦉,channel,reels,2026-04-14,https://t.me/sova_freelance/15281,Fresh public post found for reels
targetsmmvakansii,https://t.me/targetsmmvakansii,SMM СММ Актуальные Вакансии Работа Таргетолог Фриланс маркетинг Таргет,channel,reels,2026-03-29,https://t.me/targetsmmvakansii/6297,Fresh public post found for reels
teleworksjobs,https://t.me/teleworksjobs,وظائف عن بعد 🇸🇦🏠,channel,montage,2026-04-02,https://t.me/teleworksjobs/13767,Fresh public post found for video editor
tremoters,https://t.me/tremoters,REMOTER @ вакансии на удаленке,channel,reels,2026-05-25,https://t.me/s/tremoters?q=reels,Fresh public post found for reels
uiux_jobs_resumes,https://t.me/uiux_jobs_resumes,UI/UX Jobs — канал вакансий и резюме дизайнеров,channel,reels,2026-05-21,https://t.me/uiux_jobs_resumes/4533,Fresh public post found for reels
uzdesignfind,https://t.me/uzdesignfind,Найди дизайнера [UZ],channel,reels,2026-04-08,https://t.me/uzdesignfind/2869,Fresh public post found for reels
vakansii_design,https://t.me/vakansii_design,🎨 Таверна Дизайна | РАБОТА | вакансии чат,channel,reels,2026-04-02,https://t.me/vakansii_design/2671,Fresh public post found for reels
vakansii_smm,https://t.me/vakansii_smm,🏄🏼 Таверна СММ | РАБОТА | ВАКАНСИИ,channel,reels,2026-07-10,https://t.me/vakansii_smm/3924,Fresh public post found for reels
videophotohh,https://t.me/videophotohh,Монтаж и Съемка Вакансии | Видеомонтаж Видеографы • Мобилографы • Фотографы,channel,reels,2026-04-08,https://t.me/videophotohh/240,Fresh public post found for reels
work4writers,https://t.me/work4writers,Work for writers,channel,reels,2026-06-26,https://t.me/s/work4writers?q=reels,Fresh public post found for reels
work_copywriters,https://t.me/work_copywriters,Работа для копирайтеров и редакторов,channel,reels,2026-04-12,https://t.me/work_copywriters/7358,Fresh public post found for reels
work_editor,https://t.me/work_editor,Работа с текстами — вакансии,channel,youtube,2026-06-18,https://t.me/work_editor/6243,Fresh public post found for youtube
work_finde,https://t.me/work_finde,Work | Диджитал удаленные вакансии,channel,reels,2026-04-02,https://t.me/work_finde/7129,Fresh public post found for reels
work_hub_0,https://t.me/work_hub_0,work_hub | віддалені вакансії,channel,montage,2026-04-22,https://t.me/work_hub_0/1370,Fresh public post found for tiktok
workasap,https://t.me/workasap,Работа в диджитал и медиа,channel,reels,2026-05-01,https://t.me/workasap/5378,Fresh public post found for reels
workforwriters,https://t.me/workforwriters,"Посоветуйте толкового копирайтера? Вакансии для копирайтеров, СММ, редакторов в онлайн-школы",channel,shorts,2026-05-12,https://t.me/workforwriters/52,Fresh public post found for shorts
workindesign,https://t.me/workindesign,Work for Designers,channel,motion,2026-03-28,https://t.me/workindesign/2670,Fresh public post found for motion designer
workk_onstream,https://t.me/workk_onstream,WORK ON | STREAM,channel,reels,2026-04-02,https://t.me/workk_onstream/23460,Fresh public post found for reels
workoo,https://t.me/workoo,Ворку | Подработка удаленно,channel,youtube,2026-06-21,https://t.me/workoo/4176,Fresh public post found for youtube
worksvsem,https://t.me/worksvsem,Удалёнка для всех,channel,reels,2026-05-18,https://t.me/worksvsem/4777,Fresh public post found for reels
workzilla_vacancies,https://t.me/workzilla_vacancies,Вакансии Workzilla — Удаленная работа | Фриланс,channel,reels,2026-04-17,https://t.me/workzilla_vacancies/51072,Fresh public post found for reels
yotolabdesigner,https://t.me/yotolabdesigner,Работа и вакансии для дизайнеров,channel,reels,2026-04-23,https://t.me/s/yotolabdesigner?q=reels,Fresh public post found for reels
young_relocate,https://t.me/young_relocate,Relocate - зарубежные вакансии на релокацию и удаленку,channel,motion,2026-04-23,https://t.me/young_relocate/1773,Fresh public post found for video editor
youritjob,https://t.me/youritjob,IT Работа: Сербия и удаленка LENKEP 🔥,channel,montage,2026-03-26,https://t.me/youritjob/7947,Fresh public post found for tiktok
afriworkamharic,https://t.me/afriworkamharic,አፍሪወርክ (አማርኛ) Afriwork ፍሪላንስ ኢትዮጲያ,channel,reels,2026-04-08,https://t.me/afriworkamharic/49623,Fresh public post found for reels
anilsiriti,https://t.me/anilsiriti,Anil sir ITI YouTube Channel(www.anilsiriti.in),channel,shorts,2026-03-27,https://t.me/anilsiriti/15039,Fresh public post found for shorts
bersamabumn,https://t.me/bersamabumn,Info Rekrutmen Bersama BUMN,channel,montage,2026-05-30,https://t.me/bersamabumn/4978,Fresh public post found for video editor
bta3sho8l,https://t.me/bta3sho8l,بتاع شغل,channel,reels,2026-04-02,https://t.me/bta3sho8l/22562,Fresh public post found for reels
ethio_job_vacancy1,https://t.me/ethio_job_vacancy1,Ethio Job Vacancy ®️,channel,montage,2026-05-08,https://t.me/ethio_job_vacancy1/20399,Fresh public post found for video editor
Ethiojobs2000,https://t.me/Ethiojobs2000,Ethio Jobs Vacancy™,channel,montage,2026-07-10,https://t.me/Ethiojobs2000/62980,Fresh public post found for tiktok
fanajobs,https://t.me/fanajobs,Fanajobs,channel,motion,2026-05-27,https://t.me/fanajobs/9518,Fresh public post found for video editor
freshershunt,https://t.me/freshershunt,Freshershunt - Off Campus Drive Updates,channel,youtube,2026-05-27,https://t.me/freshershunt/28319,Fresh public post found for youtube
hahujobs,https://t.me/hahujobs,HaHuJobs,channel,reels,2026-03-28,https://t.me/hahujobs/158951,Fresh public post found for reels
job4fresherss,https://t.me/job4fresherss,job4freshers.co.in,channel,shorts,2026-05-19,https://t.me/job4fresherss/18387,Fresh public post found for shorts
jops2015,https://t.me/jops2015,وظائف عامة نسألكم صالح الدعاء,channel,reels,2026-04-08,https://t.me/jops2015/100899,Fresh public post found for reels
m_marketd,https://t.me/m_marketd,Удалёнка без опыта - Фриланс,channel,reels,2026-04-03,https://t.me/m_marketd/115010,Fresh public post found for reels
mymahabharti,https://t.me/mymahabharti,MahaBharti.in™,channel,shorts,2026-06-11,https://t.me/mymahabharti/39389,Fresh public post found for shorts
profenture,https://t.me/profenture,Profenture: стажировки и волонтерство,channel,youtube,2026-07-21,https://t.me/profenture/13654,Fresh public post found for youtube
Riyadhjobstoday,https://t.me/Riyadhjobstoday,وظائف الرياض 24 🇸🇦,channel,montage,2026-04-02,https://t.me/Riyadhjobstoday/64107,Fresh public post found for video editor
south_work,https://t.me/south_work,"Рабочий Парк: вакансии, стажировки, волонтёрские программы",channel,youtube,2026-04-18,https://t.me/south_work/12270,Fresh public post found for youtube
theyseeku,https://t.me/theyseeku,Finder.work: работа и вакансии,channel,reels,2026-05-27,https://t.me/theyseeku/35100,Fresh public post found for reels
vacanciesbest,https://t.me/vacanciesbest,Лучшие вакансии,channel,youtube,2026-07-17,https://t.me/vacanciesbest/18959,Fresh public post found for youtube
work4freshers,https://t.me/work4freshers,Work4freshers - Job Updates,channel,montage,2026-04-11,https://t.me/work4freshers/9879,Fresh public post found for video editor
